participant_id	session	timepoint	age	Sex	MEd	HLE	FHD	pre_word_access_raw	pre_word_fluency_raw	pre_substitution_raw	pre_wjiv_oralcomp_raw	pre_wjiv_pvocab_raw	pre_wjiv_phonproc_standard	pre_wjiv_orallang_standard	kbit2_raw	kbit2_standard	beg_wrmt3_wrd_id_raw	beg_wrmt3_wrdatt_raw	beg_wrmt3_wrd_id_stnd	beg_wrmt3_wrdatt_stnd	rea_wrmt3_wrd_id_raw	rea_wrmt3_wrdatt_raw	rea_wrmt3_wrd_id_stnd	rea_wrmt3_wrdatt_stnd	pre_beh_age	beg_beh_age	euler	qc_s	qc_ARC_L	qc_ARC_R	qc_ILF_L	qc_ILF_R	qc_SLF_L	qc_SLF_R	inf_num_books_adult_ord	inf_ebooks_adult_ord	inf_books_kids_ord	inf_ebooks_kids_ord	inf_reading_age_child_ord	inf_child_reading_time_ord	inf_child_count	inf_child_alphabet	inf_fam_readership	inf_fam_write_notes	inf_fam_write_creative	inf_fam_joke	tod_num_books_adult_ord	tod_ebooks_adult_ord	tod_books_kids_ord	tod_ebooks_kids_ord	tod_reading_age_child_ord	tod_child_reading_time_ord	tod_child_count	tod_child_alphabet	tod_fam_readership	tod_fam_write_notes	tod_fam_write_creative	tod_fam_joke	pre_num_books_adult_ord	pre_ebooks_adult_ord	pre_books_kids_ord	pre_ebooks_kids_ord	pre_reading_age_child_ord	pre_child_reading_time_ord	pre_child_count	pre_child_alphabet	pre_fam_readership	pre_fam_write_notes	pre_fam_write_creative	pre_fam_joke	beg_num_books_adult_ord	beg_ebooks_adult_ord	beg_books_kids_ord	beg_ebooks_kids_ord	beg_reading_age_child_ord	beg_child_reading_time_ord	beg_child_count	beg_child_alphabet	beg_fam_readership	beg_fam_write_notes	beg_fam_write_creative	beg_fam_joke	rea_num_books_adult_ord	rea_ebooks_adult_ord	rea_books_kids_ord	rea_ebooks_kids_ord	rea_reading_age_child_ord	rea_child_reading_time_ord	rea_child_count	rea_child_alphabet	rea_fam_readership	rea_fam_write_notes	rea_fam_write_creative	rea_fam_joke
sub-01	1	INF	6.703077092	1	16	-0.261654345	1	6	1	2	11	26	81	104	12	80	NA	NA	NA	NA	11	4	78	81	73.06176084	NA	-16	1.333333333	2	2	2	2	2	2	3	1	6	1	1	5	2	2	6	4	3	6	3	1	4	1	1	1	3	3	4	4	2	2	NA	NA	NA	NA	NA	NA	NA	NA	NA	NA	NA	NA	NA	NA	NA	NA	NA	NA	NA	NA	NA	NA	NA	NA	NA	NA	NA	NA	NA	NA	NA	NA	NA	NA	NA	NA
sub-01	2	TOD	18.2325887	1	16	-0.261654345	1	6	1	2	11	26	81	104	12	80	NA	NA	NA	NA	11	4	78	81	73.06176084	NA	NA	NA	NA	NA	NA	NA	NA	NA	3	1	6	1	1	5	2	2	6	4	3	6	3	1	4	1	1	1	3	3	4	4	2	2	NA	NA	NA	NA	NA	NA	NA	NA	NA	NA	NA	NA	NA	NA	NA	NA	NA	NA	NA	NA	NA	NA	NA	NA	NA	NA	NA	NA	NA	NA	NA	NA	NA	NA	NA	NA
sub-01	3	PRE	74.44152431	1	16	-0.261654345	1	6	1	2	11	26	81	104	12	80	NA	NA	NA	NA	11	4	78	81	73.06176084	NA	-150	2	2	2	2	2	2	1.5	3	1	6	1	1	5	2	2	6	4	3	6	3	1	4	1	1	1	3	3	4	4	2	2	NA	NA	NA	NA	NA	NA	NA	NA	NA	NA	NA	NA	NA	NA	NA	NA	NA	NA	NA	NA	NA	NA	NA	NA	NA	NA	NA	NA	NA	NA	NA	NA	NA	NA	NA	NA
sub-02	1	INF	8.015768725	1	20	0.142268438	0	NA	NA	NA	NA	NA	NA	NA	NA	NA	NA	NA	NA	NA	NA	NA	NA	NA	NA	NA	-14	2	2	2	2	2	2	2	6	3	4	1	3	3	1	1	1	6	1	6	6	2	4	1	4	3	3	3	6	6	1	5	NA	NA	NA	NA	NA	NA	NA	NA	NA	NA	NA	NA	NA	NA	NA	NA	NA	NA	NA	NA	NA	NA	NA	NA	NA	NA	NA	NA	NA	NA	NA	NA	NA	NA	NA	NA
sub-02	2	TOD	18.19973719	1	20	0.142268438	0	NA	NA	NA	NA	NA	NA	NA	NA	NA	NA	NA	NA	NA	NA	NA	NA	NA	NA	NA	-19	1.5	2	2	2	2	2	2	6	3	4	1	3	3	1	1	1	6	1	6	6	2	4	1	4	3	3	3	6	6	1	5	NA	NA	NA	NA	NA	NA	NA	NA	NA	NA	NA	NA	NA	NA	NA	NA	NA	NA	NA	NA	NA	NA	NA	NA	NA	NA	NA	NA	NA	NA	NA	NA	NA	NA	NA	NA
sub-03	1	INF	2.496714849	0	16	-0.269768046	0	11	13	7	12	25	131	120	14	101	27	16	133	128	NA	NA	NA	NA	58.63994744	79.59921156	-7	1.333333333	0	2	2	2	1	1	3	3	4	1	1	2	3	3	4	5	4	4	2	2	4	1	2	4	2	3	2	3	5	4	NA	NA	NA	NA	NA	NA	NA	NA	NA	NA	NA	NA	NA	NA	NA	NA	NA	NA	NA	NA	NA	NA	NA	NA	NA	NA	NA	NA	NA	NA	NA	NA	NA	NA	NA	NA
sub-03	2	TOD	16.98560009	0	16	-0.269768046	0	11	13	7	12	25	131	120	14	101	27	16	133	128	NA	NA	NA	NA	58.63994744	79.59921156	-15	2	2	2	2	2	2	2	3	3	4	1	1	2	3	3	4	5	4	4	2	2	4	1	2	4	2	3	2	3	5	4	NA	NA	NA	NA	NA	NA	NA	NA	NA	NA	NA	NA	NA	NA	NA	NA	NA	NA	NA	NA	NA	NA	NA	NA	NA	NA	NA	NA	NA	NA	NA	NA	NA	NA	NA	NA
sub-03	3	PRE	58.67279895	0	16	-0.269768046	0	11	13	7	12	25	131	120	14	101	27	16	133	128	NA	NA	NA	NA	58.63994744	79.59921156	-34	2	2	2	2	2	2	2	3	3	4	1	1	2	3	3	4	5	4	4	2	2	4	1	2	4	2	3	2	3	5	4	NA	NA	NA	NA	NA	NA	NA	NA	NA	NA	NA	NA	NA	NA	NA	NA	NA	NA	NA	NA	NA	NA	NA	NA	NA	NA	NA	NA	NA	NA	NA	NA	NA	NA	NA	NA
sub-04	1	INF	12.71353482	0	20	-0.288351918	1	9	6	6	16	24	118	125	20	116	21	8	121	111	27	13	120	108	60.282523	78.64651774	-20	1.666666667	NA	NA	NA	NA	NA	NA	5	2	3	1	1	3	2	2	5	5	2	3	5	1	3	1	1	5	3	4	4	3	2	3	NA	NA	NA	NA	NA	NA	NA	NA	NA	NA	NA	NA	NA	NA	NA	NA	NA	NA	NA	NA	NA	NA	NA	NA	NA	NA	NA	NA	NA	NA	NA	NA	NA	NA	NA	NA
sub-04	2	TOD	18.00262812	0	20	-0.288351918	1	9	6	6	16	24	118	125	20	116	21	8	121	111	27	13	120	108	60.282523	78.64651774	-13	2	2	2	2	2	2	2	5	2	3	1	1	3	2	2	5	5	2	3	5	1	3	1	1	5	3	4	4	3	2	3	NA	NA	NA	NA	NA	NA	NA	NA	NA	NA	NA	NA	NA	NA	NA	NA	NA	NA	NA	NA	NA	NA	NA	NA	NA	NA	NA	NA	NA	NA	NA	NA	NA	NA	NA	NA
sub-04	3	PRE	65.73587385	0	20	-0.288351918	1	9	6	6	16	24	118	125	20	116	21	8	121	111	27	13	120	108	60.282523	78.64651774	-71	2	2	2	2	2	2	2	5	2	3	1	1	3	2	2	5	5	2	3	5	1	3	1	1	5	3	4	4	3	2	3	NA	NA	NA	NA	NA	NA	NA	NA	NA	NA	NA	NA	NA	NA	NA	NA	NA	NA	NA	NA	NA	NA	NA	NA	NA	NA	NA	NA	NA	NA	NA	NA	NA	NA	NA	NA
sub-04	4	BEG	79.79768944	0	20	-0.288351918	1	9	6	6	16	24	118	125	20	116	21	8	121	111	27	13	120	108	60.282523	78.64651774	-66	1	2	2	2	2	2	2	5	2	3	1	1	3	2	2	5	5	2	3	5	1	3	1	1	5	3	4	4	3	2	3	NA	NA	NA	NA	NA	NA	NA	NA	NA	NA	NA	NA	NA	NA	NA	NA	NA	NA	NA	NA	NA	NA	NA	NA	NA	NA	NA	NA	NA	NA	NA	NA	NA	NA	NA	NA
sub-04	5	REA	90.01450942	0	20	-0.288351918	1	9	6	6	16	24	118	125	20	116	21	8	121	111	27	13	120	108	60.282523	78.64651774	-35	2	2	2	2	2	2	2	5	2	3	1	1	3	2	2	5	5	2	3	5	1	3	1	1	5	3	4	4	3	2	3	NA	NA	NA	NA	NA	NA	NA	NA	NA	NA	NA	NA	NA	NA	NA	NA	NA	NA	NA	NA	NA	NA	NA	NA	NA	NA	NA	NA	NA	NA	NA	NA	NA	NA	NA	NA
sub-05	1	INF	6.964520368	1	20	-0.426585801	0	7	0	0	16	25	89	123	24	126	NA	NA	NA	NA	NA	NA	NA	NA	63.30623084	NA	-29	1.333333333	NA	NA	NA	NA	NA	NA	3	2	3	1	2	2	1	2	3	5	2	2	2	2	4	1	2	2	2	2	4	2	2	5	NA	NA	NA	NA	NA	NA	NA	NA	NA	NA	NA	NA	NA	NA	NA	NA	NA	NA	NA	NA	NA	NA	NA	NA	NA	NA	NA	NA	NA	NA	NA	NA	NA	NA	NA	NA
sub-05	2	TOD	17.47700394	1	20	-0.426585801	0	7	0	0	16	25	89	123	24	126	NA	NA	NA	NA	NA	NA	NA	NA	63.30623084	NA	-17	2	1.5	2	2	2	2	2	3	2	3	1	2	2	1	2	3	5	2	2	2	2	4	1	2	2	2	2	4	2	2	5	NA	NA	NA	NA	NA	NA	NA	NA	NA	NA	NA	NA	NA	NA	NA	NA	NA	NA	NA	NA	NA	NA	NA	NA	NA	NA	NA	NA	NA	NA	NA	NA	NA	NA	NA	NA
sub-05	3	PRE	64.32462768	1	20	-0.426585801	0	7	0	0	16	25	89	123	24	126	NA	NA	NA	NA	NA	NA	NA	NA	63.30623084	NA	-111	1.5	2	2	2	1.5	1.5	2	3	2	3	1	2	2	1	2	3	5	2	2	2	2	4	1	2	2	2	2	4	2	2	5	NA	NA	NA	NA	NA	NA	NA	NA	NA	NA	NA	NA	NA	NA	NA	NA	NA	NA	NA	NA	NA	NA	NA	NA	NA	NA	NA	NA	NA	NA	NA	NA	NA	NA	NA	NA
sub-06	1	INF	9.296977661	1	20	-0.234116283	1	9	4	3	15	26	98	117	16	96	18	10	102	104	NA	NA	NA	NA	69.05524529	85.11826544	-16	1.666666667	NA	NA	NA	NA	NA	NA	3	2	2	1	3	1	1	1	2	3	2	3	3	2	3	1	3	3	6	6	4	6	2	5	NA	NA	NA	NA	NA	NA	NA	NA	NA	NA	NA	NA	NA	NA	NA	NA	NA	NA	NA	NA	NA	NA	NA	NA	NA	NA	NA	NA	NA	NA	NA	NA	NA	NA	NA	NA
sub-06	2	TOD	24.24441524	1	20	-0.234116283	1	9	4	3	15	26	98	117	16	96	18	10	102	104	NA	NA	NA	NA	69.05524529	85.11826544	NA	NA	NA	NA	NA	NA	NA	NA	3	2	2	1	3	1	1	1	2	3	2	3	3	2	3	1	3	3	6	6	4	6	2	5	NA	NA	NA	NA	NA	NA	NA	NA	NA	NA	NA	NA	NA	NA	NA	NA	NA	NA	NA	NA	NA	NA	NA	NA	NA	NA	NA	NA	NA	NA	NA	NA	NA	NA	NA	NA
sub-06	3	PRE	70.43363995	1	20	-0.234116283	1	9	4	3	15	26	98	117	16	96	18	10	102	104	NA	NA	NA	NA	69.05524529	85.11826544	-81	2	1.5	2	2	2	2	2	3	2	2	1	3	1	1	1	2	3	2	3	3	2	3	1	3	3	6	6	4	6	2	5	NA	NA	NA	NA	NA	NA	NA	NA	NA	NA	NA	NA	NA	NA	NA	NA	NA	NA	NA	NA	NA	NA	NA	NA	NA	NA	NA	NA	NA	NA	NA	NA	NA	NA	NA	NA
sub-06	4	BEG	85.44678055	1	20	-0.234116283	1	9	4	3	15	26	98	117	16	96	18	10	102	104	NA	NA	NA	NA	69.05524529	85.11826544	-43	2	2	2	1.5	2	2	2	3	2	2	1	3	1	1	1	2	3	2	3	3	2	3	1	3	3	6	6	4	6	2	5	NA	NA	NA	NA	NA	NA	NA	NA	NA	NA	NA	NA	NA	NA	NA	NA	NA	NA	NA	NA	NA	NA	NA	NA	NA	NA	NA	NA	NA	NA	NA	NA	NA	NA	NA	NA
sub-07	1	INF	6.570302234	0	17	-0.255694529	0	10	8	1	15	31	98	128	12	83	11	15	97	123	NA	NA	NA	NA	69.54664915	80.65045992	-23	1.666666667	2	2	2	2	2	2	6	1	6	1	1	1	1	1	5	5	2	2	6	3	6	1	1	3	1	1	5	4	2	5	NA	NA	NA	NA	NA	NA	NA	NA	NA	NA	NA	NA	NA	NA	NA	NA	NA	NA	NA	NA	NA	NA	NA	NA	NA	NA	NA	NA	NA	NA	NA	NA	NA	NA	NA	NA
sub-07	2	TOD	19.77660972	0	17	-0.255694529	0	10	8	1	15	31	98	128	12	83	11	15	97	123	NA	NA	NA	NA	69.54664915	80.65045992	-19	1.5	2	2	2	2	2	2	6	1	6	1	1	1	1	1	5	5	2	2	6	3	6	1	1	3	1	1	5	4	2	5	NA	NA	NA	NA	NA	NA	NA	NA	NA	NA	NA	NA	NA	NA	NA	NA	NA	NA	NA	NA	NA	NA	NA	NA	NA	NA	NA	NA	NA	NA	NA	NA	NA	NA	NA	NA
sub-07	3	PRE	70.56504599	0	17	-0.255694529	0	10	8	1	15	31	98	128	12	83	11	15	97	123	NA	NA	NA	NA	69.54664915	80.65045992	-148	2	2	2	2	2	1.5	2	6	1	6	1	1	1	1	1	5	5	2	2	6	3	6	1	1	3	1	1	5	4	2	5	NA	NA	NA	NA	NA	NA	NA	NA	NA	NA	NA	NA	NA	NA	NA	NA	NA	NA	NA	NA	NA	NA	NA	NA	NA	NA	NA	NA	NA	NA	NA	NA	NA	NA	NA	NA
sub-07	4	BEG	80.65045992	0	17	-0.255694529	0	10	8	1	15	31	98	128	12	83	11	15	97	123	NA	NA	NA	NA	69.54664915	80.65045992	-62	2	2	2	2	2	1.5	2	6	1	6	1	1	1	1	1	5	5	2	2	6	3	6	1	1	3	1	1	5	4	2	5	NA	NA	NA	NA	NA	NA	NA	NA	NA	NA	NA	NA	NA	NA	NA	NA	NA	NA	NA	NA	NA	NA	NA	NA	NA	NA	NA	NA	NA	NA	NA	NA	NA	NA	NA	NA
sub-08	1	INF	7.950065703	0	17	0.11450608	0	11	11	0	15	27	114	129	25	129	29	16	145	134	30	19	131	125	60.282523	74.37582129	NA	NA	NA	NA	NA	NA	NA	NA	6	1	2	1	1	4	5	5	3	2	2	5	4	4	4	4	1	4	4	NA	3	4	2	5	NA	NA	NA	NA	NA	NA	NA	NA	NA	NA	NA	NA	NA	NA	NA	NA	NA	NA	NA	NA	NA	NA	NA	NA	NA	NA	NA	NA	NA	NA	NA	NA	NA	NA	NA	NA
sub-08	3	PRE	61.10381078	0	17	0.11450608	0	11	11	0	15	27	114	129	25	129	29	16	145	134	30	19	131	125	60.282523	74.37582129	-120	2	2	2	2	2	2	2	6	1	2	1	1	4	5	5	3	2	2	5	4	4	4	4	1	4	4	NA	3	4	2	5	NA	NA	NA	NA	NA	NA	NA	NA	NA	NA	NA	NA	NA	NA	NA	NA	NA	NA	NA	NA	NA	NA	NA	NA	NA	NA	NA	NA	NA	NA	NA	NA	NA	NA	NA	NA
sub-08	4	BEG	77.89093298	0	17	0.11450608	0	11	11	0	15	27	114	129	25	129	29	16	145	134	30	19	131	125	60.282523	74.37582129	-57	2	NA	NA	NA	NA	NA	NA	6	1	2	1	1	4	5	5	3	2	2	5	4	4	4	4	1	4	4	NA	3	4	2	5	NA	NA	NA	NA	NA	NA	NA	NA	NA	NA	NA	NA	NA	NA	NA	NA	NA	NA	NA	NA	NA	NA	NA	NA	NA	NA	NA	NA	NA	NA	NA	NA	NA	NA	NA	NA
sub-09	1	INF	10.74244415	1	14	0.175852533	0	NA	NA	NA	NA	NA	NA	NA	NA	NA	NA	NA	NA	NA	NA	NA	NA	NA	NA	NA	-26	1.333333333	2	2	2	2	2	2	6	2	5	1	2	4	3	2	4	5	2	5	4	2	4	1	2	5	4	4	4	4	2	5	NA	NA	NA	NA	NA	NA	NA	NA	NA	NA	NA	NA	NA	NA	NA	NA	NA	NA	NA	NA	NA	NA	NA	NA	NA	NA	NA	NA	NA	NA	NA	NA	NA	NA	NA	NA
sub-09	2	TOD	19.7109067	1	14	0.175852533	0	NA	NA	NA	NA	NA	NA	NA	NA	NA	NA	NA	NA	NA	NA	NA	NA	NA	NA	NA	-16	2	1	2	2	2	2	2	6	2	5	1	2	4	3	2	4	5	2	5	4	2	4	1	2	5	4	4	4	4	2	5	NA	NA	NA	NA	NA	NA	NA	NA	NA	NA	NA	NA	NA	NA	NA	NA	NA	NA	NA	NA	NA	NA	NA	NA	NA	NA	NA	NA	NA	NA	NA	NA	NA	NA	NA	NA
sub-10	1	INF	10.74244415	1	14	0.29160368	0	NA	NA	NA	NA	NA	NA	NA	NA	NA	NA	NA	NA	NA	NA	NA	NA	NA	NA	NA	-22	2	2	1	2	2	2	2	6	2	5	1	2	4	3	3	4	5	2	5	5	2	5	1	2	4	5	5	3	5	1	6	NA	NA	NA	NA	NA	NA	NA	NA	NA	NA	NA	NA	NA	NA	NA	NA	NA	NA	NA	NA	NA	NA	NA	NA	NA	NA	NA	NA	NA	NA	NA	NA	NA	NA	NA	NA
sub-10	2	TOD	22.66754271	1	14	0.29160368	0	NA	NA	NA	NA	NA	NA	NA	NA	NA	NA	NA	NA	NA	NA	NA	NA	NA	NA	NA	-21	2	1.5	2	2	2	2	2	6	2	5	1	2	4	3	3	4	5	2	5	5	2	5	1	2	4	5	5	3	5	1	6	NA	NA	NA	NA	NA	NA	NA	NA	NA	NA	NA	NA	NA	NA	NA	NA	NA	NA	NA	NA	NA	NA	NA	NA	NA	NA	NA	NA	NA	NA	NA	NA	NA	NA	NA	NA
sub-11	1	INF	10.21681997	0	20	-0.09996899	0	4	0	1	4	20	92	90	18	115	13	5	117	115	27	14	124	114	57.62155059	73.19316689	-23	2	2	2	2	2	2	2	6	5	6	1	1	5	2	4	2	3	2	2	6	3	6	1	1	5	3	3	2	2	2	2	NA	NA	NA	NA	NA	NA	NA	NA	NA	NA	NA	NA	NA	NA	NA	NA	NA	NA	NA	NA	NA	NA	NA	NA	NA	NA	NA	NA	NA	NA	NA	NA	NA	NA	NA	NA
sub-11	2	TOD	16.09724047	0	20	-0.09996899	0	4	0	1	4	20	92	90	18	115	13	5	117	115	27	14	124	114	57.62155059	73.19316689	NA	NA	NA	NA	NA	NA	NA	NA	6	5	6	1	1	5	2	4	2	3	2	2	6	3	6	1	1	5	3	3	2	2	2	2	NA	NA	NA	NA	NA	NA	NA	NA	NA	NA	NA	NA	NA	NA	NA	NA	NA	NA	NA	NA	NA	NA	NA	NA	NA	NA	NA	NA	NA	NA	NA	NA	NA	NA	NA	NA
sub-11	3	PRE	64.55458826	0	20	-0.09996899	0	4	0	1	4	20	92	90	18	115	13	5	117	115	27	14	124	114	57.62155059	73.19316689	-157	2	2	2	2	2	2	2	6	5	6	1	1	5	2	4	2	3	2	2	6	3	6	1	1	5	3	3	2	2	2	2	NA	NA	NA	NA	NA	NA	NA	NA	NA	NA	NA	NA	NA	NA	NA	NA	NA	NA	NA	NA	NA	NA	NA	NA	NA	NA	NA	NA	NA	NA	NA	NA	NA	NA	NA	NA
sub-11	4	BEG	75.46128997	0	20	-0.09996899	0	4	0	1	4	20	92	90	18	115	13	5	117	115	27	14	124	114	57.62155059	73.19316689	-46	2	2	2	2	2	2	2	6	5	6	1	1	5	2	4	2	3	2	2	6	3	6	1	1	5	3	3	2	2	2	2	NA	NA	NA	NA	NA	NA	NA	NA	NA	NA	NA	NA	NA	NA	NA	NA	NA	NA	NA	NA	NA	NA	NA	NA	NA	NA	NA	NA	NA	NA	NA	NA	NA	NA	NA	NA
sub-12	1	INF	10.11826544	0	19	0.051080512	0	3	4	5	11	24	102	113	27	134	15	14	109	124	28	20	123	124	62.41787122	78.5151117	-31	1.666666667	2	1	2	2	2	2	3	2	4	1	2	5	2	2	5	5	2	5	2	1	4	2	2	5	3	3	5	5	2	3	NA	NA	NA	NA	NA	NA	NA	NA	NA	NA	NA	NA	NA	NA	NA	NA	NA	NA	NA	NA	NA	NA	NA	NA	NA	NA	NA	NA	NA	NA	NA	NA	NA	NA	NA	NA
sub-12	2	TOD	18.26544021	0	19	0.051080512	0	3	4	5	11	24	102	113	27	134	15	14	109	124	28	20	123	124	62.41787122	78.5151117	-16	2	2	2	2	2	2	2	3	2	4	1	2	5	2	2	5	5	2	5	2	1	4	2	2	5	3	3	5	5	2	3	NA	NA	NA	NA	NA	NA	NA	NA	NA	NA	NA	NA	NA	NA	NA	NA	NA	NA	NA	NA	NA	NA	NA	NA	NA	NA	NA	NA	NA	NA	NA	NA	NA	NA	NA	NA
sub-12	3	PRE	68.39684625	0	19	0.051080512	0	3	4	5	11	24	102	113	27	134	15	14	109	124	28	20	123	124	62.41787122	78.5151117	-49	2	2	2	2	2	2	2	3	2	4	1	2	5	2	2	5	5	2	5	2	1	4	2	2	5	3	3	5	5	2	3	NA	NA	NA	NA	NA	NA	NA	NA	NA	NA	NA	NA	NA	NA	NA	NA	NA	NA	NA	NA	NA	NA	NA	NA	NA	NA	NA	NA	NA	NA	NA	NA	NA	NA	NA	NA
sub-12	4	BEG	79.76346912	0	19	0.051080512	0	3	4	5	11	24	102	113	27	134	15	14	109	124	28	20	123	124	62.41787122	78.5151117	-49	2	NA	NA	NA	NA	NA	NA	3	2	4	1	2	5	2	2	5	5	2	5	2	1	4	2	2	5	3	3	5	5	2	3	NA	NA	NA	NA	NA	NA	NA	NA	NA	NA	NA	NA	NA	NA	NA	NA	NA	NA	NA	NA	NA	NA	NA	NA	NA	NA	NA	NA	NA	NA	NA	NA	NA	NA	NA	NA
sub-13	1	INF	8.409986859	0	20	-0.122365986	0	3	0	0	10	25	83	112	22	120	14	6	115	113	31	13	124	100	62.18654183	75.32851511	-22	1.666666667	1.5	1	2	2	2	2	6	2	2	1	3	1	1	1	5	5	5	1	6	2	2	1	4	6	1	1	6	5	2	1	NA	NA	NA	NA	NA	NA	NA	NA	NA	NA	NA	NA	NA	NA	NA	NA	NA	NA	NA	NA	NA	NA	NA	NA	NA	NA	NA	NA	NA	NA	NA	NA	NA	NA	NA	NA
sub-13	2	TOD	20.72930355	0	20	-0.122365986	0	3	0	0	10	25	83	112	22	120	14	6	115	113	31	13	124	100	62.18654183	75.32851511	-21	2	NA	NA	NA	NA	NA	NA	6	2	2	1	3	1	1	1	5	5	5	1	6	2	2	1	4	6	1	1	6	5	2	1	NA	NA	NA	NA	NA	NA	NA	NA	NA	NA	NA	NA	NA	NA	NA	NA	NA	NA	NA	NA	NA	NA	NA	NA	NA	NA	NA	NA	NA	NA	NA	NA	NA	NA	NA	NA
sub-13	3	PRE	63.30349321	0	20	-0.122365986	0	3	0	0	10	25	83	112	22	120	14	6	115	113	31	13	124	100	62.18654183	75.32851511	-156	1	2	2	2	2	2	2	6	2	2	1	3	1	1	1	5	5	5	1	6	2	2	1	4	6	1	1	6	5	2	1	NA	NA	NA	NA	NA	NA	NA	NA	NA	NA	NA	NA	NA	NA	NA	NA	NA	NA	NA	NA	NA	NA	NA	NA	NA	NA	NA	NA	NA	NA	NA	NA	NA	NA	NA	NA
sub-13	4	BEG	75.78706746	0	20	-0.122365986	0	3	0	0	10	25	83	112	22	120	14	6	115	113	31	13	124	100	62.18654183	75.32851511	-45	2	2	2	2	2	2	2	6	2	2	1	3	1	1	1	5	5	5	1	6	2	2	1	4	6	1	1	6	5	2	1	NA	NA	NA	NA	NA	NA	NA	NA	NA	NA	NA	NA	NA	NA	NA	NA	NA	NA	NA	NA	NA	NA	NA	NA	NA	NA	NA	NA	NA	NA	NA	NA	NA	NA	NA	NA
sub-14	1	INF	8.344283837	1	16	0.546238223	1	8	5	5	15	27	102	120	14	89	27	17	130	127	NA	NA	NA	NA	68.36399474	80.2890933	-19	2	NA	NA	NA	NA	NA	NA	6	6	4	1	1	6	1	1	4	6	2	6	6	5	5	1	1	6	5	5	5	5	3	6	NA	NA	NA	NA	NA	NA	NA	NA	NA	NA	NA	NA	NA	NA	NA	NA	NA	NA	NA	NA	NA	NA	NA	NA	NA	NA	NA	NA	NA	NA	NA	NA	NA	NA	NA	NA
sub-14	2	TOD	20.76215506	1	16	0.546238223	1	8	5	5	15	27	102	120	14	89	27	17	130	127	NA	NA	NA	NA	68.36399474	80.2890933	-15	2	2	2	2	2	2	2	6	6	4	1	1	6	1	1	4	6	2	6	6	5	5	1	1	6	5	5	5	5	3	6	NA	NA	NA	NA	NA	NA	NA	NA	NA	NA	NA	NA	NA	NA	NA	NA	NA	NA	NA	NA	NA	NA	NA	NA	NA	NA	NA	NA	NA	NA	NA	NA	NA	NA	NA	NA
sub-14	3	PRE	69.02102497	1	16	0.546238223	1	8	5	5	15	27	102	120	14	89	27	17	130	127	NA	NA	NA	NA	68.36399474	80.2890933	-86	2	1.5	2	2	2	2	2	6	6	4	1	1	6	1	1	4	6	2	6	6	5	5	1	1	6	5	5	5	5	3	6	NA	NA	NA	NA	NA	NA	NA	NA	NA	NA	NA	NA	NA	NA	NA	NA	NA	NA	NA	NA	NA	NA	NA	NA	NA	NA	NA	NA	NA	NA	NA	NA	NA	NA	NA	NA
sub-14	4	BEG	80.2890933	1	16	0.546238223	1	8	5	5	15	27	102	120	14	89	27	17	130	127	NA	NA	NA	NA	68.36399474	80.2890933	-59	2	2	1.5	1.5	1.5	1.5	2	6	6	4	1	1	6	1	1	4	6	2	6	6	5	5	1	1	6	5	5	5	5	3	6	NA	NA	NA	NA	NA	NA	NA	NA	NA	NA	NA	NA	NA	NA	NA	NA	NA	NA	NA	NA	NA	NA	NA	NA	NA	NA	NA	NA	NA	NA	NA	NA	NA	NA	NA	NA
sub-15	1	INF	11.89224704	0	18	-0.123963748	0	11	3	7	8	25	123	112	16	109	14	8	115	117	23	11	114	107	58.01576873	73.78449409	-27	2	2	2	2	2	2	2	4	4	4	2	2	4	5	3	5	5	3	5	2	2	3	1	3	3	1	2	6	6	2	1	NA	NA	NA	NA	NA	NA	NA	NA	NA	NA	NA	NA	NA	NA	NA	NA	NA	NA	NA	NA	NA	NA	NA	NA	NA	NA	NA	NA	NA	NA	NA	NA	NA	NA	NA	NA
sub-15	2	TOD	17.6412615	0	18	-0.123963748	0	11	3	7	8	25	123	112	16	109	14	8	115	117	23	11	114	107	58.01576873	73.78449409	-15	2	2	2	2	2	2	2	4	4	4	2	2	4	5	3	5	5	3	5	2	2	3	1	3	3	1	2	6	6	2	1	NA	NA	NA	NA	NA	NA	NA	NA	NA	NA	NA	NA	NA	NA	NA	NA	NA	NA	NA	NA	NA	NA	NA	NA	NA	NA	NA	NA	NA	NA	NA	NA	NA	NA	NA	NA
sub-15	3	PRE	61.43232589	0	18	-0.123963748	0	11	3	7	8	25	123	112	16	109	14	8	115	117	23	11	114	107	58.01576873	73.78449409	-16	2	2	2	2	2	2	2	4	4	4	2	2	4	5	3	5	5	3	5	2	2	3	1	3	3	1	2	6	6	2	1	NA	NA	NA	NA	NA	NA	NA	NA	NA	NA	NA	NA	NA	NA	NA	NA	NA	NA	NA	NA	NA	NA	NA	NA	NA	NA	NA	NA	NA	NA	NA	NA	NA	NA	NA	NA
sub-15	4	BEG	75.39421813	0	18	-0.123963748	0	11	3	7	8	25	123	112	16	109	14	8	115	117	23	11	114	107	58.01576873	73.78449409	-33	2	2	2	2	2	2	2	4	4	4	2	2	4	5	3	5	5	3	5	2	2	3	1	3	3	1	2	6	6	2	1	NA	NA	NA	NA	NA	NA	NA	NA	NA	NA	NA	NA	NA	NA	NA	NA	NA	NA	NA	NA	NA	NA	NA	NA	NA	NA	NA	NA	NA	NA	NA	NA	NA	NA	NA	NA
sub-15	5	REA	87.45072273	0	18	-0.123963748	0	11	3	7	8	25	123	112	16	109	14	8	115	117	23	11	114	107	58.01576873	73.78449409	-24	2	2	2	2	2	2	2	4	4	4	2	2	4	5	3	5	5	3	5	2	2	3	1	3	3	1	2	6	6	2	1	NA	NA	NA	NA	NA	NA	NA	NA	NA	NA	NA	NA	NA	NA	NA	NA	NA	NA	NA	NA	NA	NA	NA	NA	NA	NA	NA	NA	NA	NA	NA	NA	NA	NA	NA	NA
sub-16	1	INF	6.537450723	0	13	-1.084698636	1	NA	NA	NA	2	17	NA	73	9	81	2	0	95	91	NA	NA	NA	NA	61.43232589	73.8173456	-37	1.666666667	2	1.5	2	2	2	2	1	1	1	1	4	1	1	1	1	1	1	1	1	1	2	1	1	1	1	1	1	1	1	1	NA	NA	NA	NA	NA	NA	NA	NA	NA	NA	NA	NA	NA	NA	NA	NA	NA	NA	NA	NA	NA	NA	NA	NA	NA	NA	NA	NA	NA	NA	NA	NA	NA	NA	NA	NA
sub-16	2	TOD	15.04599212	0	13	-1.084698636	1	NA	NA	NA	2	17	NA	73	9	81	2	0	95	91	NA	NA	NA	NA	61.43232589	73.8173456	NA	NA	NA	NA	NA	NA	NA	NA	1	1	1	1	4	1	1	1	1	1	1	1	1	1	2	1	1	1	1	1	1	1	1	1	NA	NA	NA	NA	NA	NA	NA	NA	NA	NA	NA	NA	NA	NA	NA	NA	NA	NA	NA	NA	NA	NA	NA	NA	NA	NA	NA	NA	NA	NA	NA	NA	NA	NA	NA	NA
sub-16	3	PRE	63.13923565	0	13	-1.084698636	1	NA	NA	NA	2	17	NA	73	9	81	2	0	95	91	NA	NA	NA	NA	61.43232589	73.8173456	-156	1	2	2	2	2	1	2	1	1	1	1	4	1	1	1	1	1	1	1	1	1	2	1	1	1	1	1	1	1	1	1	NA	NA	NA	NA	NA	NA	NA	NA	NA	NA	NA	NA	NA	NA	NA	NA	NA	NA	NA	NA	NA	NA	NA	NA	NA	NA	NA	NA	NA	NA	NA	NA	NA	NA	NA	NA
sub-16	4	BEG	74.53871003	0	13	-1.084698636	1	NA	NA	NA	2	17	NA	73	9	81	2	0	95	91	NA	NA	NA	NA	61.43232589	73.8173456	-95	1	NA	NA	NA	NA	NA	NA	1	1	1	1	4	1	1	1	1	1	1	1	1	1	2	1	1	1	1	1	1	1	1	1	NA	NA	NA	NA	NA	NA	NA	NA	NA	NA	NA	NA	NA	NA	NA	NA	NA	NA	NA	NA	NA	NA	NA	NA	NA	NA	NA	NA	NA	NA	NA	NA	NA	NA	NA	NA
sub-17	1	INF	11.03810775	1	18	-0.018230237	0	NA	NA	NA	NA	NA	NA	NA	NA	NA	NA	NA	NA	NA	NA	NA	NA	NA	NA	NA	-20	1.666666667	1.5	2	2	2	2	2	2	1	4	2	1	6	5	5	3	4	2	2	NA	NA	NA	NA	NA	NA	NA	NA	NA	NA	NA	NA	NA	NA	NA	NA	NA	NA	NA	NA	NA	NA	NA	NA	NA	NA	NA	NA	NA	NA	NA	NA	NA	NA	NA	NA	NA	NA	NA	NA	NA	NA	NA	NA	NA	NA	NA	NA
sub-17	2	TOD	20.23653088	1	18	-0.018230237	0	NA	NA	NA	NA	NA	NA	NA	NA	NA	NA	NA	NA	NA	NA	NA	NA	NA	NA	NA	-33	2	2	2	2	2	2	1.5	2	1	4	2	1	6	5	5	3	4	2	2	NA	NA	NA	NA	NA	NA	NA	NA	NA	NA	NA	NA	NA	NA	NA	NA	NA	NA	NA	NA	NA	NA	NA	NA	NA	NA	NA	NA	NA	NA	NA	NA	NA	NA	NA	NA	NA	NA	NA	NA	NA	NA	NA	NA	NA	NA	NA	NA
sub-18	1	INF	3.547963206	1	13	-0.074094163	1	NA	NA	NA	3	19	NA	84	9	83	NA	NA	NA	NA	NA	NA	NA	NA	58.80420499	NA	-44	0.666666667	0	1.5	2	2	2	2	2	1	2	1	1	3	5	4	4	5	2	5	NA	NA	NA	NA	NA	NA	NA	NA	NA	NA	NA	NA	NA	NA	NA	NA	NA	NA	NA	NA	NA	NA	NA	NA	NA	NA	NA	NA	NA	NA	NA	NA	NA	NA	NA	NA	NA	NA	NA	NA	NA	NA	NA	NA	NA	NA	NA	NA
sub-18	3	PRE	60.18396846	1	13	-0.074094163	1	NA	NA	NA	3	19	NA	84	9	83	NA	NA	NA	NA	NA	NA	NA	NA	58.80420499	NA	-51	2	2	2	2	2	1.5	2	2	1	2	1	1	3	5	4	4	5	2	5	NA	NA	NA	NA	NA	NA	NA	NA	NA	NA	NA	NA	NA	NA	NA	NA	NA	NA	NA	NA	NA	NA	NA	NA	NA	NA	NA	NA	NA	NA	NA	NA	NA	NA	NA	NA	NA	NA	NA	NA	NA	NA	NA	NA	NA	NA	NA	NA
sub-19	1	INF	11.95795007	1	16	0.756338365	0	8	4	0	9	19	100	98	14	97	3	NS	93	NA	NA	NA	NA	NA	60.80814717	75.65703022	NA	NA	NA	NA	NA	NA	NA	NA	6	2	3	1	1	5	5	6	6	6	4	6	6	2	4	1	1	6	6	6	6	6	4	6	NA	NA	NA	NA	NA	NA	NA	NA	NA	NA	NA	NA	NA	NA	NA	NA	NA	NA	NA	NA	NA	NA	NA	NA	NA	NA	NA	NA	NA	NA	NA	NA	NA	NA	NA	NA
sub-19	2	TOD	22.6346912	1	16	0.756338365	0	8	4	0	9	19	100	98	14	97	3	NS	93	NA	NA	NA	NA	NA	60.80814717	75.65703022	-10	2	2	2	2	2	2	2	6	2	3	1	1	5	5	6	6	6	4	6	6	2	4	1	1	6	6	6	6	6	4	6	NA	NA	NA	NA	NA	NA	NA	NA	NA	NA	NA	NA	NA	NA	NA	NA	NA	NA	NA	NA	NA	NA	NA	NA	NA	NA	NA	NA	NA	NA	NA	NA	NA	NA	NA	NA
sub-19	3	PRE	63.50197109	1	16	0.756338365	0	8	4	0	9	19	100	98	14	97	3	NS	93	NA	NA	NA	NA	NA	60.80814717	75.65703022	-42	2	2	2	2	2	2	2	6	2	3	1	1	5	5	6	6	6	4	6	6	2	4	1	1	6	6	6	6	6	4	6	NA	NA	NA	NA	NA	NA	NA	NA	NA	NA	NA	NA	NA	NA	NA	NA	NA	NA	NA	NA	NA	NA	NA	NA	NA	NA	NA	NA	NA	NA	NA	NA	NA	NA	NA	NA
sub-19	4	BEG	77.16683092	1	16	0.756338365	0	8	4	0	9	19	100	98	14	97	3	NS	93	NA	NA	NA	NA	NA	60.80814717	75.65703022	-38	2	NA	NA	NA	NA	NA	NA	6	2	3	1	1	5	5	6	6	6	4	6	6	2	4	1	1	6	6	6	6	6	4	6	NA	NA	NA	NA	NA	NA	NA	NA	NA	NA	NA	NA	NA	NA	NA	NA	NA	NA	NA	NA	NA	NA	NA	NA	NA	NA	NA	NA	NA	NA	NA	NA	NA	NA	NA	NA
sub-20	1	INF	6.898817346	1	19	-0.665760511	0	5	0	0	7	21	87	99	17	107	12	8	104	111	NA	NA	NA	NA	61.79369251	79.69913491	-11	1.666666667	2	2	2	2	2	2	3	2	4	1	1	4	1	1	1	1	1	1	3	2	3	1	1	5	2	2	4	5	5	2	NA	NA	NA	NA	NA	NA	NA	NA	NA	NA	NA	NA	NA	NA	NA	NA	NA	NA	NA	NA	NA	NA	NA	NA	NA	NA	NA	NA	NA	NA	NA	NA	NA	NA	NA	NA
sub-20	2	TOD	20.46649146	1	19	-0.665760511	0	5	0	0	7	21	87	99	17	107	12	8	104	111	NA	NA	NA	NA	61.79369251	79.69913491	-15	2	2	2	2	2	2	2	3	2	4	1	1	4	1	1	1	1	1	1	3	2	3	1	1	5	2	2	4	5	5	2	NA	NA	NA	NA	NA	NA	NA	NA	NA	NA	NA	NA	NA	NA	NA	NA	NA	NA	NA	NA	NA	NA	NA	NA	NA	NA	NA	NA	NA	NA	NA	NA	NA	NA	NA	NA
sub-20	3	PRE	62.02365309	1	19	-0.665760511	0	5	0	0	7	21	87	99	17	107	12	8	104	111	NA	NA	NA	NA	61.79369251	79.69913491	-74	2	2	2	2	2	2	2	3	2	4	1	1	4	1	1	1	1	1	1	3	2	3	1	1	5	2	2	4	5	5	2	NA	NA	NA	NA	NA	NA	NA	NA	NA	NA	NA	NA	NA	NA	NA	NA	NA	NA	NA	NA	NA	NA	NA	NA	NA	NA	NA	NA	NA	NA	NA	NA	NA	NA	NA	NA
sub-21	1	INF	5.946123522	1	19	-0.331429389	0	NA	NA	NA	9	23	NA	113	14	103	4	4	100	112	NA	NA	NA	NA	56.20893561	72.79894875	-107	0	0	0	1	2	2	1	2	1	2	1	2	3	1	1	1	5	2	5	2	2	2	1	2	4	3	3	5	5	3	5	NA	NA	NA	NA	NA	NA	NA	NA	NA	NA	NA	NA	NA	NA	NA	NA	NA	NA	NA	NA	NA	NA	NA	NA	NA	NA	NA	NA	NA	NA	NA	NA	NA	NA	NA	NA
sub-21	3	PRE	58.47568988	1	19	-0.331429389	0	NA	NA	NA	9	23	NA	113	14	103	4	4	100	112	NA	NA	NA	NA	56.20893561	72.79894875	-138	1	NA	NA	NA	NA	NA	NA	2	1	2	1	2	3	1	1	1	5	2	5	2	2	2	1	2	4	3	3	5	5	3	5	NA	NA	NA	NA	NA	NA	NA	NA	NA	NA	NA	NA	NA	NA	NA	NA	NA	NA	NA	NA	NA	NA	NA	NA	NA	NA	NA	NA	NA	NA	NA	NA	NA	NA	NA	NA
sub-21	4	BEG	74.01308585	1	19	-0.331429389	0	NA	NA	NA	9	23	NA	113	14	103	4	4	100	112	NA	NA	NA	NA	56.20893561	72.79894875	-91	2	NA	NA	NA	NA	NA	NA	2	1	2	1	2	3	1	1	1	5	2	5	2	2	2	1	2	4	3	3	5	5	3	5	NA	NA	NA	NA	NA	NA	NA	NA	NA	NA	NA	NA	NA	NA	NA	NA	NA	NA	NA	NA	NA	NA	NA	NA	NA	NA	NA	NA	NA	NA	NA	NA	NA	NA	NA	NA
sub-22	1	INF	7.194480946	1	14	0.292138432	1	NA	NA	NA	NA	NA	NA	NA	NA	NA	NA	NA	NA	NA	NA	NA	NA	NA	NA	NA	-41	2	0	1	2	2	2	2	4	1	4	1	1	5	5	5	5	4	3	4	NA	NA	NA	NA	NA	NA	NA	NA	NA	NA	NA	NA	NA	NA	NA	NA	NA	NA	NA	NA	NA	NA	NA	NA	NA	NA	NA	NA	NA	NA	NA	NA	NA	NA	NA	NA	NA	NA	NA	NA	NA	NA	NA	NA	NA	NA	NA	NA
sub-22	2	TOD	19.54664915	1	14	0.292138432	1	NA	NA	NA	NA	NA	NA	NA	NA	NA	NA	NA	NA	NA	NA	NA	NA	NA	NA	NA	-9	2	2	2	2	2	2	2	4	1	4	1	1	5	5	5	5	4	3	4	NA	NA	NA	NA	NA	NA	NA	NA	NA	NA	NA	NA	NA	NA	NA	NA	NA	NA	NA	NA	NA	NA	NA	NA	NA	NA	NA	NA	NA	NA	NA	NA	NA	NA	NA	NA	NA	NA	NA	NA	NA	NA	NA	NA	NA	NA	NA	NA
sub-23	1	INF	11.56373193	1	18	1.068772586	0	8	2	0	11	26	96	119	16	107	5	4	98	108	NA	NA	NA	NA	60.8738502	75.16425756	-25	2	1.5	2	2	2	2	2	6	6	4	1	2	6	6	6	6	5	5	6	6	6	4	1	2	6	5	4	3	6	4	6	NA	NA	NA	NA	NA	NA	NA	NA	NA	NA	NA	NA	NA	NA	NA	NA	NA	NA	NA	NA	NA	NA	NA	NA	NA	NA	NA	NA	NA	NA	NA	NA	NA	NA	NA	NA
sub-23	2	TOD	22.20762155	1	18	1.068772586	0	8	2	0	11	26	96	119	16	107	5	4	98	108	NA	NA	NA	NA	60.8738502	75.16425756	-19	1.5	2	2	2	2	2	2	6	6	4	1	2	6	6	6	6	5	5	6	6	6	4	1	2	6	5	4	3	6	4	6	NA	NA	NA	NA	NA	NA	NA	NA	NA	NA	NA	NA	NA	NA	NA	NA	NA	NA	NA	NA	NA	NA	NA	NA	NA	NA	NA	NA	NA	NA	NA	NA	NA	NA	NA	NA
sub-23	3	PRE	60.44678055	1	18	1.068772586	0	8	2	0	11	26	96	119	16	107	5	4	98	108	NA	NA	NA	NA	60.8738502	75.16425756	NA	NA	NA	NA	NA	NA	NA	NA	6	6	4	1	2	6	6	6	6	5	5	6	6	6	4	1	2	6	5	4	3	6	4	6	NA	NA	NA	NA	NA	NA	NA	NA	NA	NA	NA	NA	NA	NA	NA	NA	NA	NA	NA	NA	NA	NA	NA	NA	NA	NA	NA	NA	NA	NA	NA	NA	NA	NA	NA	NA
sub-23	4	BEG	78.64651774	1	18	1.068772586	0	8	2	0	11	26	96	119	16	107	5	4	98	108	NA	NA	NA	NA	60.8738502	75.16425756	-92	2	NA	NA	NA	NA	NA	NA	6	6	4	1	2	6	6	6	6	5	5	6	6	6	4	1	2	6	5	4	3	6	4	6	NA	NA	NA	NA	NA	NA	NA	NA	NA	NA	NA	NA	NA	NA	NA	NA	NA	NA	NA	NA	NA	NA	NA	NA	NA	NA	NA	NA	NA	NA	NA	NA	NA	NA	NA	NA
sub-24	1	INF	5.946123522	1	14	-0.355438642	1	2	0	0	11	20	84	107	15	104	5	2	102	104	NA	NA	NA	NA	59.29834647	72.89750329	-9	0.666666667	2	2	2	2	2	2	4	1	2	1	1	4	1	6	4	3	1	3	3	2	3	1	1	5	2	2	4	4	2	5	NA	NA	NA	NA	NA	NA	NA	NA	NA	NA	NA	NA	NA	NA	NA	NA	NA	NA	NA	NA	NA	NA	NA	NA	NA	NA	NA	NA	NA	NA	NA	NA	NA	NA	NA	NA
sub-24	2	TOD	18.65965834	1	14	-0.355438642	1	2	0	0	11	20	84	107	15	104	5	2	102	104	NA	NA	NA	NA	59.29834647	72.89750329	-13	2	2	2	2	2	2	2	4	1	2	1	1	4	1	6	4	3	1	3	3	2	3	1	1	5	2	2	4	4	2	5	NA	NA	NA	NA	NA	NA	NA	NA	NA	NA	NA	NA	NA	NA	NA	NA	NA	NA	NA	NA	NA	NA	NA	NA	NA	NA	NA	NA	NA	NA	NA	NA	NA	NA	NA	NA
sub-24	3	PRE	60.24967148	1	14	-0.355438642	1	2	0	0	11	20	84	107	15	104	5	2	102	104	NA	NA	NA	NA	59.29834647	72.89750329	-107	2	2	2	2	2	2	2	4	1	2	1	1	4	1	6	4	3	1	3	3	2	3	1	1	5	2	2	4	4	2	5	NA	NA	NA	NA	NA	NA	NA	NA	NA	NA	NA	NA	NA	NA	NA	NA	NA	NA	NA	NA	NA	NA	NA	NA	NA	NA	NA	NA	NA	NA	NA	NA	NA	NA	NA	NA
sub-24	4	BEG	73.35742444	1	14	-0.355438642	1	2	0	0	11	20	84	107	15	104	5	2	102	104	NA	NA	NA	NA	59.29834647	72.89750329	-104	2	2	2	2	2	2	2	4	1	2	1	1	4	1	6	4	3	1	3	3	2	3	1	1	5	2	2	4	4	2	5	NA	NA	NA	NA	NA	NA	NA	NA	NA	NA	NA	NA	NA	NA	NA	NA	NA	NA	NA	NA	NA	NA	NA	NA	NA	NA	NA	NA	NA	NA	NA	NA	NA	NA	NA	NA
sub-25	1	INF	9.329829172	0	12	-0.061387744	1	11	9	7	8	26	114	101	15	92	23	12	114	109	NA	NA	NA	NA	68.5282523	85.74107534	-26	1.666666667	2	2	2	2	2	2	3	1	2	1	2	4	2	3	4	5	2	3	4	1	3	1	3	6	6	6	3	6	2	5	NA	NA	NA	NA	NA	NA	NA	NA	NA	NA	NA	NA	NA	NA	NA	NA	NA	NA	NA	NA	NA	NA	NA	NA	NA	NA	NA	NA	NA	NA	NA	NA	NA	NA	NA	NA
sub-25	2	TOD	21.32063075	0	12	-0.061387744	1	11	9	7	8	26	114	101	15	92	23	12	114	109	NA	NA	NA	NA	68.5282523	85.74107534	-29	2	1.5	2	2	2	1.5	2	3	1	2	1	2	4	2	3	4	5	2	3	4	1	3	1	3	6	6	6	3	6	2	5	NA	NA	NA	NA	NA	NA	NA	NA	NA	NA	NA	NA	NA	NA	NA	NA	NA	NA	NA	NA	NA	NA	NA	NA	NA	NA	NA	NA	NA	NA	NA	NA	NA	NA	NA	NA
sub-26	1	INF	5.978975033	1	16	-0.189081794	0	4	1	0	10	26	87	114	15	100	NA	NA	NA	NA	NA	NA	NA	NA	61.66228647	NA	-18	2	NA	NA	NA	NA	NA	NA	4	1	4	1	2	3	1	1	5	4	1	6	6	2	5	1	3	6	1	1	5	5	2	3	NA	NA	NA	NA	NA	NA	NA	NA	NA	NA	NA	NA	NA	NA	NA	NA	NA	NA	NA	NA	NA	NA	NA	NA	NA	NA	NA	NA	NA	NA	NA	NA	NA	NA	NA	NA
sub-26	2	TOD	16.52431012	1	16	-0.189081794	0	4	1	0	10	26	87	114	15	100	NA	NA	NA	NA	NA	NA	NA	NA	61.66228647	NA	-19	1.5	2	2	2	2	2	2	4	1	4	1	2	3	1	1	5	4	1	6	6	2	5	1	3	6	1	1	5	5	2	3	NA	NA	NA	NA	NA	NA	NA	NA	NA	NA	NA	NA	NA	NA	NA	NA	NA	NA	NA	NA	NA	NA	NA	NA	NA	NA	NA	NA	NA	NA	NA	NA	NA	NA	NA	NA
sub-26	3	PRE	63.27201051	1	16	-0.189081794	0	4	1	0	10	26	87	114	15	100	NA	NA	NA	NA	NA	NA	NA	NA	61.66228647	NA	-176	1	2	2	2	2	2	2	4	1	4	1	2	3	1	1	5	4	1	6	6	2	5	1	3	6	1	1	5	5	2	3	NA	NA	NA	NA	NA	NA	NA	NA	NA	NA	NA	NA	NA	NA	NA	NA	NA	NA	NA	NA	NA	NA	NA	NA	NA	NA	NA	NA	NA	NA	NA	NA	NA	NA	NA	NA
sub-27	1	INF	12.68068331	0	18	-0.610473228	0	10	12	1	9	24	107	103	26	127	NA	NA	NA	NA	NA	NA	NA	NA	65.96720324	NA	-27	2	1.5	2	2	2	2	2	2	2	2	2	1	4	2	3	3	3	1	3	NA	NA	NA	NA	NA	NA	NA	NA	NA	NA	NA	NA	NA	NA	NA	NA	NA	NA	NA	NA	NA	NA	NA	NA	NA	NA	NA	NA	NA	NA	NA	NA	NA	NA	NA	NA	NA	NA	NA	NA	NA	NA	NA	NA	NA	NA	NA	NA
sub-27	2	TOD	25.62417871	0	18	-0.610473228	0	10	12	1	9	24	107	103	26	127	NA	NA	NA	NA	NA	NA	NA	NA	65.96720324	NA	-18	2	1	2	2	2	2	2	2	2	2	2	1	4	2	3	3	3	1	3	NA	NA	NA	NA	NA	NA	NA	NA	NA	NA	NA	NA	NA	NA	NA	NA	NA	NA	NA	NA	NA	NA	NA	NA	NA	NA	NA	NA	NA	NA	NA	NA	NA	NA	NA	NA	NA	NA	NA	NA	NA	NA	NA	NA	NA	NA	NA	NA
sub-28	1	INF	7.358738502	0	20	-0.425365957	0	NA	NA	NA	12	28	NA	129	21	124	NA	NA	NA	NA	NA	NA	NA	NA	57.58869908	NA	-34	1.666666667	1.5	2	2	2	2	2	2	1	2	1	1	5	2	2	5	5	2	4	2	1	NA	1	1	5	2	3	3	4	2	4	NA	NA	NA	NA	NA	NA	NA	NA	NA	NA	NA	NA	NA	NA	NA	NA	NA	NA	NA	NA	NA	NA	NA	NA	NA	NA	NA	NA	NA	NA	NA	NA	NA	NA	NA	NA
sub-28	2	TOD	18.62680683	0	20	-0.425365957	0	NA	NA	NA	12	28	NA	129	21	124	NA	NA	NA	NA	NA	NA	NA	NA	57.58869908	NA	-14	2	2	2	2	2	2	2	2	1	2	1	1	5	2	2	5	5	2	4	2	1	NA	1	1	5	2	3	3	4	2	4	NA	NA	NA	NA	NA	NA	NA	NA	NA	NA	NA	NA	NA	NA	NA	NA	NA	NA	NA	NA	NA	NA	NA	NA	NA	NA	NA	NA	NA	NA	NA	NA	NA	NA	NA	NA
sub-29	1	INF	7.950065703	0	20	-0.294005887	0	3	1	0	12	29	88	128	15	104	2	0	90	88	NA	NA	NA	NA	59.23127464	74.17871222	NA	NA	NA	NA	NA	NA	NA	NA	6	3	3	1	2	3	2	2	2	4	2	5	6	3	4	1	2	5	2	2	2	2	1	5	NA	NA	NA	NA	NA	NA	NA	NA	NA	NA	NA	NA	NA	NA	NA	NA	NA	NA	NA	NA	NA	NA	NA	NA	NA	NA	NA	NA	NA	NA	NA	NA	NA	NA	NA	NA
sub-29	3	PRE	61.30091984	0	20	-0.294005887	0	3	1	0	12	29	88	128	15	104	2	0	90	88	NA	NA	NA	NA	59.23127464	74.17871222	-74	2	2	2	2	2	2	2	6	3	3	1	2	3	2	2	2	4	2	5	6	3	4	1	2	5	2	2	2	2	1	5	NA	NA	NA	NA	NA	NA	NA	NA	NA	NA	NA	NA	NA	NA	NA	NA	NA	NA	NA	NA	NA	NA	NA	NA	NA	NA	NA	NA	NA	NA	NA	NA	NA	NA	NA	NA
sub-29	4	BEG	75.5598445	0	20	-0.294005887	0	3	1	0	12	29	88	128	15	104	2	0	90	88	NA	NA	NA	NA	59.23127464	74.17871222	-72	1	2	2	2	2	1.5	2	6	3	3	1	2	3	2	2	2	4	2	5	6	3	4	1	2	5	2	2	2	2	1	5	NA	NA	NA	NA	NA	NA	NA	NA	NA	NA	NA	NA	NA	NA	NA	NA	NA	NA	NA	NA	NA	NA	NA	NA	NA	NA	NA	NA	NA	NA	NA	NA	NA	NA	NA	NA
sub-30	1	INF	11.72798949	0	18	-0.101141083	1	8	10	7	13	26	126	127	15	106	NA	NA	NA	NA	NA	NA	NA	NA	56.86596583	NA	-42	2	2	2	2	2	2	2	2	2	2	1	2	4	2	2	4	3	2	5	2	3	4	1	2	6	5	4	2	1	2	3	NA	NA	NA	NA	NA	NA	NA	NA	NA	NA	NA	NA	NA	NA	NA	NA	NA	NA	NA	NA	NA	NA	NA	NA	NA	NA	NA	NA	NA	NA	NA	NA	NA	NA	NA	NA
sub-30	2	TOD	20.36793693	0	18	-0.101141083	1	8	10	7	13	26	126	127	15	106	NA	NA	NA	NA	NA	NA	NA	NA	56.86596583	NA	NA	NA	NA	NA	NA	NA	NA	NA	2	2	2	1	2	4	2	2	4	3	2	5	2	3	4	1	2	6	5	4	2	1	2	3	NA	NA	NA	NA	NA	NA	NA	NA	NA	NA	NA	NA	NA	NA	NA	NA	NA	NA	NA	NA	NA	NA	NA	NA	NA	NA	NA	NA	NA	NA	NA	NA	NA	NA	NA	NA
sub-30	3	PRE	58.18002628	0	18	-0.101141083	1	8	10	7	13	26	126	127	15	106	NA	NA	NA	NA	NA	NA	NA	NA	56.86596583	NA	-100	2	2	2	2	2	2	2	2	2	2	1	2	4	2	2	4	3	2	5	2	3	4	1	2	6	5	4	2	1	2	3	NA	NA	NA	NA	NA	NA	NA	NA	NA	NA	NA	NA	NA	NA	NA	NA	NA	NA	NA	NA	NA	NA	NA	NA	NA	NA	NA	NA	NA	NA	NA	NA	NA	NA	NA	NA
sub-31	1	INF	11.30091984	1	18	-0.248746325	0	NA	NA	NA	NA	NA	NA	NA	NA	NA	NA	NA	NA	NA	NA	NA	NA	NA	NA	NA	-48	2	1	2	2	2	2	2	3	1	2	1	2	2	2	4	2	6	2	5	NA	NA	NA	NA	NA	NA	NA	NA	NA	NA	NA	NA	NA	NA	NA	NA	NA	NA	NA	NA	NA	NA	NA	NA	NA	NA	NA	NA	NA	NA	NA	NA	NA	NA	NA	NA	NA	NA	NA	NA	NA	NA	NA	NA	NA	NA	NA	NA
sub-31	2	TOD	19.80946124	1	18	-0.248746325	0	NA	NA	NA	NA	NA	NA	NA	NA	NA	NA	NA	NA	NA	NA	NA	NA	NA	NA	NA	-15	2	2	2	2	2	2	2	3	1	2	1	2	2	2	4	2	6	2	5	NA	NA	NA	NA	NA	NA	NA	NA	NA	NA	NA	NA	NA	NA	NA	NA	NA	NA	NA	NA	NA	NA	NA	NA	NA	NA	NA	NA	NA	NA	NA	NA	NA	NA	NA	NA	NA	NA	NA	NA	NA	NA	NA	NA	NA	NA	NA	NA
sub-31	3	PRE	54.07358739	1	18	-0.248746325	0	NA	NA	NA	NA	NA	NA	NA	NA	NA	NA	NA	NA	NA	NA	NA	NA	NA	NA	NA	NA	NA	NA	NA	NA	NA	NA	NA	3	1	2	1	2	2	2	4	2	6	2	5	NA	NA	NA	NA	NA	NA	NA	NA	NA	NA	NA	NA	NA	NA	NA	NA	NA	NA	NA	NA	NA	NA	NA	NA	NA	NA	NA	NA	NA	NA	NA	NA	NA	NA	NA	NA	NA	NA	NA	NA	NA	NA	NA	NA	NA	NA	NA	NA
sub-32	1	INF	12.51642576	0	16	-0.363347943	0	NA	NA	NA	4	23	NA	96	9	85	0	0	80	88	NA	NA	NA	NA	57.62155059	74.44152431	-36	2	2	2	2	2	2	2	2	2	3	1	3	3	2	2	2	5	2	6	2	1	3	1	2	4	3	3	2	4	2	2	NA	NA	NA	NA	NA	NA	NA	NA	NA	NA	NA	NA	NA	NA	NA	NA	NA	NA	NA	NA	NA	NA	NA	NA	NA	NA	NA	NA	NA	NA	NA	NA	NA	NA	NA	NA
sub-32	2	TOD	21.05781866	0	16	-0.363347943	0	NA	NA	NA	4	23	NA	96	9	85	0	0	80	88	NA	NA	NA	NA	57.62155059	74.44152431	-19	1.5	2	2	2	2	2	2	2	2	3	1	3	3	2	2	2	5	2	6	2	1	3	1	2	4	3	3	2	4	2	2	NA	NA	NA	NA	NA	NA	NA	NA	NA	NA	NA	NA	NA	NA	NA	NA	NA	NA	NA	NA	NA	NA	NA	NA	NA	NA	NA	NA	NA	NA	NA	NA	NA	NA	NA	NA
sub-32	3	PRE	59.13272011	0	16	-0.363347943	0	NA	NA	NA	4	23	NA	96	9	85	0	0	80	88	NA	NA	NA	NA	57.62155059	74.44152431	-313	0	0.5	1	1.5	1	1.5	0.5	2	2	3	1	3	3	2	2	2	5	2	6	2	1	3	1	2	4	3	3	2	4	2	2	NA	NA	NA	NA	NA	NA	NA	NA	NA	NA	NA	NA	NA	NA	NA	NA	NA	NA	NA	NA	NA	NA	NA	NA	NA	NA	NA	NA	NA	NA	NA	NA	NA	NA	NA	NA
sub-32	4	BEG	74.54007884	0	16	-0.363347943	0	NA	NA	NA	4	23	NA	96	9	85	0	0	80	88	NA	NA	NA	NA	57.62155059	74.44152431	-117	1	2	2	2	2	1.5	2	2	2	3	1	3	3	2	2	2	5	2	6	2	1	3	1	2	4	3	3	2	4	2	2	NA	NA	NA	NA	NA	NA	NA	NA	NA	NA	NA	NA	NA	NA	NA	NA	NA	NA	NA	NA	NA	NA	NA	NA	NA	NA	NA	NA	NA	NA	NA	NA	NA	NA	NA	NA
sub-33	1	INF	6.83174551	0	20	0.028109859	1	NA	NA	NA	13	26	NA	123	11	87	NA	NA	NA	NA	NA	NA	NA	NA	60.05256242	NA	-17	1.666666667	0.5	2	0.5	2	1.5	2	6	3	6	1	3	2	2	1	6	5	2	2	NA	NA	NA	NA	NA	NA	NA	NA	NA	NA	NA	NA	NA	NA	NA	NA	NA	NA	NA	NA	NA	NA	NA	NA	NA	NA	NA	NA	NA	NA	NA	NA	NA	NA	NA	NA	NA	NA	NA	NA	NA	NA	NA	NA	NA	NA	NA	NA
sub-33	3	PRE	62.94212659	0	20	0.028109859	1	NA	NA	NA	13	26	NA	123	11	87	NA	NA	NA	NA	NA	NA	NA	NA	60.05256242	NA	-130	1	2	1.5	1.5	2	2	2	6	3	6	1	3	2	2	1	6	5	2	2	NA	NA	NA	NA	NA	NA	NA	NA	NA	NA	NA	NA	NA	NA	NA	NA	NA	NA	NA	NA	NA	NA	NA	NA	NA	NA	NA	NA	NA	NA	NA	NA	NA	NA	NA	NA	NA	NA	NA	NA	NA	NA	NA	NA	NA	NA	NA	NA
sub-34	1	INF	8.178657468	0	15	-0.868907584	0	11	6	4	7	21	118	99	21	118	NA	NA	NA	NA	NA	NA	NA	NA	60.38107753	NA	NA	NA	NA	NA	NA	NA	NA	NA	2	1	2	1	3	2	1	2	5	2	1	2	2	1	2	1	3	3	2	2	2	2	1	2	NA	NA	NA	NA	NA	NA	NA	NA	NA	NA	NA	NA	NA	NA	NA	NA	NA	NA	NA	NA	NA	NA	NA	NA	NA	NA	NA	NA	NA	NA	NA	NA	NA	NA	NA	NA
sub-34	2	TOD	17.11426851	0	15	-0.868907584	0	11	6	4	7	21	118	99	21	118	NA	NA	NA	NA	NA	NA	NA	NA	60.38107753	NA	-23	2	1.5	2	2	2	2	2	2	1	2	1	3	2	1	2	5	2	1	2	2	1	2	1	3	3	2	2	2	2	1	2	NA	NA	NA	NA	NA	NA	NA	NA	NA	NA	NA	NA	NA	NA	NA	NA	NA	NA	NA	NA	NA	NA	NA	NA	NA	NA	NA	NA	NA	NA	NA	NA	NA	NA	NA	NA
sub-34	3	PRE	61.85802672	0	15	-0.868907584	0	11	6	4	7	21	118	99	21	118	NA	NA	NA	NA	NA	NA	NA	NA	60.38107753	NA	-114	2	2	2	2	2	1.5	2	2	1	2	1	3	2	1	2	5	2	1	2	2	1	2	1	3	3	2	2	2	2	1	2	NA	NA	NA	NA	NA	NA	NA	NA	NA	NA	NA	NA	NA	NA	NA	NA	NA	NA	NA	NA	NA	NA	NA	NA	NA	NA	NA	NA	NA	NA	NA	NA	NA	NA	NA	NA
sub-35	1	INF	11.89224704	1	18	0.729459445	0	7	3	1	5	21	105	98	16	109	15	6	117	113	NA	NA	NA	NA	56.07752957	74.63863338	-44	2	2	1.5	2	2	2	2	6	3	5	1	2	6	2	2	5	4	2	6	NA	NA	NA	NA	NA	NA	NA	NA	NA	NA	NA	NA	NA	NA	NA	NA	NA	NA	NA	NA	NA	NA	NA	NA	NA	NA	NA	NA	NA	NA	NA	NA	NA	NA	NA	NA	NA	NA	NA	NA	NA	NA	NA	NA	NA	NA	NA	NA
sub-35	2	TOD	19.80946124	1	18	0.729459445	0	7	3	1	5	21	105	98	16	109	15	6	117	113	NA	NA	NA	NA	56.07752957	74.63863338	NA	NA	NA	NA	NA	NA	NA	NA	6	3	5	1	2	6	2	2	5	4	2	6	NA	NA	NA	NA	NA	NA	NA	NA	NA	NA	NA	NA	NA	NA	NA	NA	NA	NA	NA	NA	NA	NA	NA	NA	NA	NA	NA	NA	NA	NA	NA	NA	NA	NA	NA	NA	NA	NA	NA	NA	NA	NA	NA	NA	NA	NA	NA	NA
sub-35	3	PRE	61.26806833	1	18	0.729459445	0	7	3	1	5	21	105	98	16	109	15	6	117	113	NA	NA	NA	NA	56.07752957	74.63863338	-84	1	2	2	2	2	2	2	6	3	5	1	2	6	2	2	5	4	2	6	NA	NA	NA	NA	NA	NA	NA	NA	NA	NA	NA	NA	NA	NA	NA	NA	NA	NA	NA	NA	NA	NA	NA	NA	NA	NA	NA	NA	NA	NA	NA	NA	NA	NA	NA	NA	NA	NA	NA	NA	NA	NA	NA	NA	NA	NA	NA	NA
sub-36	1	INF	10.67674113	1	20	0.620439184	0	12	8	1	9	25	108	106	21	114	NA	NA	NA	NA	NA	NA	NA	NA	64.71610819	NA	-40	2	2	2	2	2	2	2	6	5	2	1	1	5	6	5	6	6	3	6	5	5	3	1	2	5	6	6	5	5	2	6	NA	NA	NA	NA	NA	NA	NA	NA	NA	NA	NA	NA	NA	NA	NA	NA	NA	NA	NA	NA	NA	NA	NA	NA	NA	NA	NA	NA	NA	NA	NA	NA	NA	NA	NA	NA
sub-36	2	TOD	22.83180026	1	20	0.620439184	0	12	8	1	9	25	108	106	21	114	NA	NA	NA	NA	NA	NA	NA	NA	64.71610819	NA	NA	NA	NA	NA	NA	NA	NA	NA	6	5	2	1	1	5	6	5	6	6	3	6	5	5	3	1	2	5	6	6	5	5	2	6	NA	NA	NA	NA	NA	NA	NA	NA	NA	NA	NA	NA	NA	NA	NA	NA	NA	NA	NA	NA	NA	NA	NA	NA	NA	NA	NA	NA	NA	NA	NA	NA	NA	NA	NA	NA
sub-36	3	PRE	65.80020806	1	20	0.620439184	0	12	8	1	9	25	108	106	21	114	NA	NA	NA	NA	NA	NA	NA	NA	64.71610819	NA	-101	2	2	2	2	2	2	2	6	5	2	1	1	5	6	5	6	6	3	6	5	5	3	1	2	5	6	6	5	5	2	6	NA	NA	NA	NA	NA	NA	NA	NA	NA	NA	NA	NA	NA	NA	NA	NA	NA	NA	NA	NA	NA	NA	NA	NA	NA	NA	NA	NA	NA	NA	NA	NA	NA	NA	NA	NA
sub-37	1	INF	4.993429698	1	20	-0.998987805	1	6	0	0	13	24	90	120	NA	NA	NA	NA	NA	NA	NA	NA	NA	NA	59.49408673	NA	-31	1	1	1	2	2	2	2	4	1	3	1	1	1	1	1	1	2	2	2	4	2	3	1	1	3	1	1	4	2	2	2	NA	NA	NA	NA	NA	NA	NA	NA	NA	NA	NA	NA	NA	NA	NA	NA	NA	NA	NA	NA	NA	NA	NA	NA	NA	NA	NA	NA	NA	NA	NA	NA	NA	NA	NA	NA
sub-37	2	TOD	16.88567674	1	20	-0.998987805	1	6	0	0	13	24	90	120	NA	NA	NA	NA	NA	NA	NA	NA	NA	NA	59.49408673	NA	NA	NA	NA	NA	NA	NA	NA	NA	4	1	3	1	1	1	1	1	1	2	2	2	4	2	3	1	1	3	1	1	4	2	2	2	NA	NA	NA	NA	NA	NA	NA	NA	NA	NA	NA	NA	NA	NA	NA	NA	NA	NA	NA	NA	NA	NA	NA	NA	NA	NA	NA	NA	NA	NA	NA	NA	NA	NA	NA	NA
sub-37	3	PRE	63.04341875	1	20	-0.998987805	1	6	0	0	13	24	90	120	NA	NA	NA	NA	NA	NA	NA	NA	NA	NA	59.49408673	NA	-43	2	2	2	2	2	2	2	4	1	3	1	1	1	1	1	1	2	2	2	4	2	3	1	1	3	1	1	4	2	2	2	NA	NA	NA	NA	NA	NA	NA	NA	NA	NA	NA	NA	NA	NA	NA	NA	NA	NA	NA	NA	NA	NA	NA	NA	NA	NA	NA	NA	NA	NA	NA	NA	NA	NA	NA	NA
sub-38	1	INF	8.772722295	0	19	-0.605391261	1	9	7	5	12	22	117	111	18	110	NA	NA	NA	NA	NA	NA	NA	NA	61.20236531	NA	-26	2	1.5	2	2	2	2	2	2	1	3	1	2	2	2	2	1	1	1	3	NA	NA	NA	NA	NA	NA	NA	NA	NA	NA	NA	NA	NA	NA	NA	NA	NA	NA	NA	NA	NA	NA	NA	NA	NA	NA	NA	NA	NA	NA	NA	NA	NA	NA	NA	NA	NA	NA	NA	NA	NA	NA	NA	NA	NA	NA	NA	NA
sub-38	3	PRE	62.0565046	0	19	-0.605391261	1	9	7	5	12	22	117	111	18	110	NA	NA	NA	NA	NA	NA	NA	NA	61.20236531	NA	-41	2	2	2	2	2	2	2	2	1	3	1	2	2	2	2	1	1	1	3	NA	NA	NA	NA	NA	NA	NA	NA	NA	NA	NA	NA	NA	NA	NA	NA	NA	NA	NA	NA	NA	NA	NA	NA	NA	NA	NA	NA	NA	NA	NA	NA	NA	NA	NA	NA	NA	NA	NA	NA	NA	NA	NA	NA	NA	NA	NA	NA
sub-39	1	INF	6.011826544	1	20	0.125754734	0	11	7	3	15	24	95	105	10	95	20	13	97	104	27	18	105	107	76.90538765	92.21419185	-53	1.333333333	2	2	2	2	2	2	3	NA	4	NA	1	4	4	4	5	5	2	5	NA	NA	NA	NA	NA	NA	NA	NA	NA	NA	NA	NA	4	2	6	2	1	3	4	4	4	5	2	3	NA	NA	NA	NA	NA	NA	NA	NA	NA	NA	NA	NA	4	1	6	1	1	2	3	3	5	5	2	4
sub-39	3	PRE	78.31800263	1	20	0.125754734	0	11	7	3	15	24	95	105	10	95	20	13	97	104	27	18	105	107	76.90538765	92.21419185	-42	1	2	2	2	2	2	2	3	NA	4	NA	1	4	4	4	5	5	2	5	NA	NA	NA	NA	NA	NA	NA	NA	NA	NA	NA	NA	4	2	6	2	1	3	4	4	4	5	2	3	NA	NA	NA	NA	NA	NA	NA	NA	NA	NA	NA	NA	4	1	6	1	1	2	3	3	5	5	2	4
sub-39	4	BEG	91.65571616	1	20	0.125754734	0	11	7	3	15	24	95	105	10	95	20	13	97	104	27	18	105	107	76.90538765	92.21419185	-37	2	2	2	2	2	2	2	3	NA	4	NA	1	4	4	4	5	5	2	5	NA	NA	NA	NA	NA	NA	NA	NA	NA	NA	NA	NA	4	2	6	2	1	3	4	4	4	5	2	3	NA	NA	NA	NA	NA	NA	NA	NA	NA	NA	NA	NA	4	1	6	1	1	2	3	3	5	5	2	4
sub-40	1	INF	7.687253614	0	20	0.058561173	1	NA	NA	NA	15	32	NA	122	11	99	29	18	121	116	35	20	129	113	77.26675427	95.99211564	-65	1.666666667	2	1	2	2	2	2	6	NA	3	NA	4	1	1	1	5	5	2	5	NA	NA	NA	NA	NA	NA	NA	NA	NA	NA	NA	NA	6	2	6	1	2	4	4	3	5	5	2	5	6	1	6	1	4	5	2	1	2	6	1	2	6	1	6	1	2	5	1	1	3	5	2	3
sub-40	3	PRE	77.69382392	0	20	0.058561173	1	NA	NA	NA	15	32	NA	122	11	99	29	18	121	116	35	20	129	113	77.26675427	95.99211564	-56	2	2	2	2	2	2	2	6	NA	3	NA	4	1	1	1	5	5	2	5	NA	NA	NA	NA	NA	NA	NA	NA	NA	NA	NA	NA	6	2	6	1	2	4	4	3	5	5	2	5	6	1	6	1	4	5	2	1	2	6	1	2	6	1	6	1	2	5	1	1	3	5	2	3
sub-40	4	BEG	94.4152431	0	20	0.058561173	1	NA	NA	NA	15	32	NA	122	11	99	29	18	121	116	35	20	129	113	77.26675427	95.99211564	-90	1	2	2	2	2	2	2	6	NA	3	NA	4	1	1	1	5	5	2	5	NA	NA	NA	NA	NA	NA	NA	NA	NA	NA	NA	NA	6	2	6	1	2	4	4	3	5	5	2	5	6	1	6	1	4	5	2	1	2	6	1	2	6	1	6	1	2	5	1	1	3	5	2	3
sub-40	5	REA	106.4060447	0	20	0.058561173	1	NA	NA	NA	15	32	NA	122	11	99	29	18	121	116	35	20	129	113	77.26675427	95.99211564	-69	2	2	2	2	2	1	2	6	NA	3	NA	4	1	1	1	5	5	2	5	NA	NA	NA	NA	NA	NA	NA	NA	NA	NA	NA	NA	6	2	6	1	2	4	4	3	5	5	2	5	6	1	6	1	4	5	2	1	2	6	1	2	6	1	6	1	2	5	1	1	3	5	2	3
sub-41	1	INF	8.738501971	1	20	0.036228188	0	10	8	2	14	25	94	107	NA	NA	13	9	82	94	NA	NA	NA	NA	74.77003942	92.27989488	-39	2	0	NA	NA	0	0	1.5	4	NA	4	NA	3	6	5	5	5	5	2	5	NA	NA	NA	NA	NA	NA	NA	NA	NA	NA	NA	NA	3	2	2	NA	NA	NA	5	1	5	5	1	2	3	2	5	1	4	1	1	1	5	5	2	2	4	2	4	2	4	1	1	1	6	6	2	4
sub-41	3	PRE	74.4086728	1	20	0.036228188	0	10	8	2	14	25	94	107	NA	NA	13	9	82	94	NA	NA	NA	NA	74.77003942	92.27989488	-24	2	2	2	2	2	2	2	4	NA	4	NA	3	6	5	5	5	5	2	5	NA	NA	NA	NA	NA	NA	NA	NA	NA	NA	NA	NA	3	2	2	NA	NA	NA	5	1	5	5	1	2	3	2	5	1	4	1	1	1	5	5	2	2	4	2	4	2	4	1	1	1	6	6	2	4
sub-41	4	BEG	91.65571616	1	20	0.036228188	0	10	8	2	14	25	94	107	NA	NA	13	9	82	94	NA	NA	NA	NA	74.77003942	92.27989488	-26	2	2	2	2	2	2	2	4	NA	4	NA	3	6	5	5	5	5	2	5	NA	NA	NA	NA	NA	NA	NA	NA	NA	NA	NA	NA	3	2	2	NA	NA	NA	5	1	5	5	1	2	3	2	5	1	4	1	1	1	5	5	2	2	4	2	4	2	4	1	1	1	6	6	2	4
sub-41	5	REA	108.935611	1	20	0.036228188	0	10	8	2	14	25	94	107	NA	NA	13	9	82	94	NA	NA	NA	NA	74.77003942	92.27989488	-47	2	2	2	2	2	2	2	4	NA	4	NA	3	6	5	5	5	5	2	5	NA	NA	NA	NA	NA	NA	NA	NA	NA	NA	NA	NA	3	2	2	NA	NA	NA	5	1	5	5	1	2	3	2	5	1	4	1	1	1	5	5	2	2	4	2	4	2	4	1	1	1	6	6	2	4
sub-42	1	INF	9.132720105	1	16	0.328369821	1	NA	NA	NA	NA	NA	NA	NA	13	107	20	5	127	111	NA	NA	NA	NA	NA	75.26281209	-33	1.666666667	1.5	2	2	2	2	2	4	NA	3	NA	1	4	5	2	3	3	2	4	NA	NA	NA	NA	NA	NA	NA	NA	NA	NA	NA	NA	NA	NA	NA	NA	NA	NA	NA	NA	NA	NA	NA	NA	3	6	6	2	1	6	5	1	5	4	5	5	NA	NA	NA	NA	NA	NA	NA	NA	NA	NA	NA	NA
sub-42	4	BEG	75.26281209	1	16	0.328369821	1	NA	NA	NA	NA	NA	NA	NA	13	107	20	5	127	111	NA	NA	NA	NA	NA	75.26281209	-52	2	2	2	2	2	2	2	4	NA	3	NA	1	4	5	2	3	3	2	4	NA	NA	NA	NA	NA	NA	NA	NA	NA	NA	NA	NA	NA	NA	NA	NA	NA	NA	NA	NA	NA	NA	NA	NA	3	6	6	2	1	6	5	1	5	4	5	5	NA	NA	NA	NA	NA	NA	NA	NA	NA	NA	NA	NA
sub-43	1	INF	9.329829172	0	16	0.212796091	0	14	14	5	19	28	116	126	17	96	NA	NA	NA	NA	NA	NA	NA	NA	73.25886991	NA	-31	2	2	2	2	2	2	2	6	NA	2	NA	4	2	NA	2	5	5	3	2	NA	NA	NA	NA	NA	NA	NA	NA	NA	NA	NA	NA	6	6	3	2	2	3	3	2	5	6	2	5	NA	NA	NA	NA	NA	NA	NA	NA	NA	NA	NA	NA	NA	NA	NA	NA	NA	NA	NA	NA	NA	NA	NA	NA
sub-43	3	PRE	73.25886991	0	16	0.212796091	0	14	14	5	19	28	116	126	17	96	NA	NA	NA	NA	NA	NA	NA	NA	73.25886991	NA	-50	2	2	2	2	2	1.5	2	6	NA	2	NA	4	2	NA	2	5	5	3	2	NA	NA	NA	NA	NA	NA	NA	NA	NA	NA	NA	NA	6	6	3	2	2	3	3	2	5	6	2	5	NA	NA	NA	NA	NA	NA	NA	NA	NA	NA	NA	NA	NA	NA	NA	NA	NA	NA	NA	NA	NA	NA	NA	NA
sub-44	1	INF	10.41392904	0	16	0.361478597	0	2	1	0	10	27	69	104	14	110	NA	NA	NA	NA	NA	NA	NA	NA	75.22996058	95.3022339	-43	2	2	0	2	2	2	2	4	NA	3	NA	5	4	5	5	5	5	NA	5	NA	NA	NA	NA	NA	NA	NA	NA	NA	NA	NA	NA	4	3	3	2	2	3	3	2	5	6	4	4	2	4	2	2	6	4	2	1	6	6	1	2	NA	NA	NA	NA	NA	NA	NA	NA	NA	NA	NA	NA
sub-44	3	PRE	73.19316689	0	16	0.361478597	0	2	1	0	10	27	69	104	14	110	NA	NA	NA	NA	NA	NA	NA	NA	75.22996058	95.3022339	-50	2	2	2	2	2	2	2	4	NA	3	NA	5	4	5	5	5	5	NA	5	NA	NA	NA	NA	NA	NA	NA	NA	NA	NA	NA	NA	4	3	3	2	2	3	3	2	5	6	4	4	2	4	2	2	6	4	2	1	6	6	1	2	NA	NA	NA	NA	NA	NA	NA	NA	NA	NA	NA	NA
sub-44	5	REA	99.44152431	0	16	0.361478597	0	2	1	0	10	27	69	104	14	110	NA	NA	NA	NA	NA	NA	NA	NA	75.22996058	95.3022339	-76	1	2	2	2	2	2	2	4	NA	3	NA	5	4	5	5	5	5	NA	5	NA	NA	NA	NA	NA	NA	NA	NA	NA	NA	NA	NA	4	3	3	2	2	3	3	2	5	6	4	4	2	4	2	2	6	4	2	1	6	6	1	2	NA	NA	NA	NA	NA	NA	NA	NA	NA	NA	NA	NA
sub-45	1	INF	8.934242225	0	16	0.126816502	0	15	19	13	12	28	136	113	15	115	NA	NA	NA	NA	30	22	124	126	71.15637319	NA	-46	2	0	1	2	2	2	2	5	NA	5	NA	4	2	1	1	4	2	2	5	NA	NA	NA	NA	NA	NA	NA	NA	NA	NA	NA	NA	5	1	6	1	1	5	6	1	6	3	NA	5	NA	NA	NA	NA	NA	NA	NA	NA	NA	NA	NA	NA	NA	NA	NA	NA	NA	NA	NA	NA	NA	NA	NA	NA
sub-45	3	PRE	71.35348226	0	16	0.126816502	0	15	19	13	12	28	136	113	15	115	NA	NA	NA	NA	30	22	124	126	71.15637319	NA	-17	2	2	2	2	2	2	2	5	NA	5	NA	4	2	1	1	4	2	2	5	NA	NA	NA	NA	NA	NA	NA	NA	NA	NA	NA	NA	5	1	6	1	1	5	6	1	6	3	NA	5	NA	NA	NA	NA	NA	NA	NA	NA	NA	NA	NA	NA	NA	NA	NA	NA	NA	NA	NA	NA	NA	NA	NA	NA
sub-45	5	REA	97.20762155	0	16	0.126816502	0	15	19	13	12	28	136	113	15	115	NA	NA	NA	NA	30	22	124	126	71.15637319	NA	-33	2	2	2	2	2	2	2	5	NA	5	NA	4	2	1	1	4	2	2	5	NA	NA	NA	NA	NA	NA	NA	NA	NA	NA	NA	NA	5	1	6	1	1	5	6	1	6	3	NA	5	NA	NA	NA	NA	NA	NA	NA	NA	NA	NA	NA	NA	NA	NA	NA	NA	NA	NA	NA	NA	NA	NA	NA	NA
sub-46	1	INF	17.60840999	1	20	0.379622489	1	NA	NA	NA	NA	NA	NA	NA	12	100	22	13	123	122	29	22	111	119	NA	78.58081472	-64	2	2	2	2	2	2	2	2	NA	2	NA	3	5	5	5	5	5	5	5	NA	NA	NA	NA	NA	NA	NA	NA	NA	NA	NA	NA	NA	NA	NA	NA	NA	NA	NA	NA	NA	NA	NA	NA	NA	NA	NA	NA	NA	NA	NA	NA	NA	NA	NA	NA	3	NA	5	2	2	1	1	1	6	6	2	6
sub-46	4	BEG	80.02628121	1	20	0.379622489	1	NA	NA	NA	NA	NA	NA	NA	12	100	22	13	123	122	29	22	111	119	NA	78.58081472	-19	2	2	2	2	2	2	2	2	NA	2	NA	3	5	5	5	5	5	5	5	NA	NA	NA	NA	NA	NA	NA	NA	NA	NA	NA	NA	NA	NA	NA	NA	NA	NA	NA	NA	NA	NA	NA	NA	NA	NA	NA	NA	NA	NA	NA	NA	NA	NA	NA	NA	3	NA	5	2	2	1	1	1	6	6	2	6
sub-47	1	INF	10.21681997	0	17	0.502999789	1	10	14	12	21	32	119	138	16	121	30	18	131	123	33	20	129	118	73.39027595	84.92115637	-38	2	2	2	2	2	2	2	5	NA	3	NA	1	3	3	2	5	5	5	5	NA	NA	NA	NA	NA	NA	NA	NA	NA	NA	NA	NA	6	2	6	1	1	5	6	5	5	6	2	6	6	2	4	1	1	4	5	5	5	5	2	6	6	2	5	1	1	4	3	3	5	6	2	5
sub-47	3	PRE	75.45992116	0	17	0.502999789	1	10	14	12	21	32	119	138	16	121	30	18	131	123	33	20	129	118	73.39027595	84.92115637	-41	1	2	2	2	2	2	2	5	NA	3	NA	1	3	3	2	5	5	5	5	NA	NA	NA	NA	NA	NA	NA	NA	NA	NA	NA	NA	6	2	6	1	1	5	6	5	5	6	2	6	6	2	4	1	1	4	5	5	5	5	2	6	6	2	5	1	1	4	3	3	5	6	2	5
sub-47	4	BEG	86.95795007	0	17	0.502999789	1	10	14	12	21	32	119	138	16	121	30	18	131	123	33	20	129	118	73.39027595	84.92115637	-44	2	2	2	2	2	2	2	5	NA	3	NA	1	3	3	2	5	5	5	5	NA	NA	NA	NA	NA	NA	NA	NA	NA	NA	NA	NA	6	2	6	1	1	5	6	5	5	6	2	6	6	2	4	1	1	4	5	5	5	5	2	6	6	2	5	1	1	4	3	3	5	6	2	5
sub-47	5	REA	100.065703	0	17	0.502999789	1	10	14	12	21	32	119	138	16	121	30	18	131	123	33	20	129	118	73.39027595	84.92115637	-16	2	2	2	2	2	2	2	5	NA	3	NA	1	3	3	2	5	5	5	5	NA	NA	NA	NA	NA	NA	NA	NA	NA	NA	NA	NA	6	2	6	1	1	5	6	5	5	6	2	6	6	2	4	1	1	4	5	5	5	5	2	6	6	2	5	1	1	4	3	3	5	6	2	5
sub-48	1	INF	8.574244415	1	20	0.334593943	0	10	11	2	12	24	104	105	15	115	26	12	118	105	25	20	102	115	69.54664915	89.51899912	-52	1.666666667	NA	NA	NA	NA	NA	NA	4	NA	3	NA	6	NA	NA	NA	5	5	2	5	NA	NA	NA	NA	NA	NA	NA	NA	NA	NA	NA	NA	NA	NA	NA	NA	NA	NA	NA	NA	NA	NA	NA	NA	NA	NA	NA	NA	NA	NA	NA	NA	NA	NA	NA	NA	5	1	6	1	3	1	2	1	5	3	3	3
sub-48	3	PRE	72.30617608	1	20	0.334593943	0	10	11	2	12	24	104	105	15	115	26	12	118	105	25	20	102	115	69.54664915	89.51899912	-6	2	2	2	2	2	2	2	4	NA	3	NA	6	NA	NA	NA	5	5	2	5	NA	NA	NA	NA	NA	NA	NA	NA	NA	NA	NA	NA	NA	NA	NA	NA	NA	NA	NA	NA	NA	NA	NA	NA	NA	NA	NA	NA	NA	NA	NA	NA	NA	NA	NA	NA	5	1	6	1	3	1	2	1	5	3	3	3
sub-48	4	BEG	89.1261498	1	20	0.334593943	0	10	11	2	12	24	104	105	15	115	26	12	118	105	25	20	102	115	69.54664915	89.51899912	-36	2	2	2	2	2	2	2	4	NA	3	NA	6	NA	NA	NA	5	5	2	5	NA	NA	NA	NA	NA	NA	NA	NA	NA	NA	NA	NA	NA	NA	NA	NA	NA	NA	NA	NA	NA	NA	NA	NA	NA	NA	NA	NA	NA	NA	NA	NA	NA	NA	NA	NA	5	1	6	1	3	1	2	1	5	3	3	3
sub-48	5	REA	102.4638633	1	20	0.334593943	0	10	11	2	12	24	104	105	15	115	26	12	118	105	25	20	102	115	69.54664915	89.51899912	-23	2	2	2	2	2	2	2	4	NA	3	NA	6	NA	NA	NA	5	5	2	5	NA	NA	NA	NA	NA	NA	NA	NA	NA	NA	NA	NA	NA	NA	NA	NA	NA	NA	NA	NA	NA	NA	NA	NA	NA	NA	NA	NA	NA	NA	NA	NA	NA	NA	NA	NA	5	1	6	1	3	1	2	1	5	3	3	3
sub-49	1	INF	10.18396846	1	19	0.448936741	1	5	0	2	15	26	85	118	15	115	NA	NA	NA	NA	NA	NA	NA	NA	67.83837057	NA	-30	2	2	1	2	2	2	1.5	6	NA	6	NA	NA	3	1	1	5	5	3	3	NA	NA	NA	NA	NA	NA	NA	NA	NA	NA	NA	NA	6	1	5	1	4	6	4	3	5	5	2	4	NA	NA	NA	NA	NA	NA	NA	NA	NA	NA	NA	NA	5	6	4	1	NA	5	1	1	6	6	2	6
sub-49	3	PRE	68.10118265	1	19	0.448936741	1	5	0	2	15	26	85	118	15	115	NA	NA	NA	NA	NA	NA	NA	NA	67.83837057	NA	-39	2	2	2	1.5	2	2	2	6	NA	6	NA	NA	3	1	1	5	5	3	3	NA	NA	NA	NA	NA	NA	NA	NA	NA	NA	NA	NA	6	1	5	1	4	6	4	3	5	5	2	4	NA	NA	NA	NA	NA	NA	NA	NA	NA	NA	NA	NA	5	6	4	1	NA	5	1	1	6	6	2	6
sub-49	5	REA	107.8843627	1	19	0.448936741	1	5	0	2	15	26	85	118	15	115	NA	NA	NA	NA	NA	NA	NA	NA	67.83837057	NA	-80	2	2	2	2	2	2	2	6	NA	6	NA	NA	3	1	1	5	5	3	3	NA	NA	NA	NA	NA	NA	NA	NA	NA	NA	NA	NA	6	1	5	1	4	6	4	3	5	5	2	4	NA	NA	NA	NA	NA	NA	NA	NA	NA	NA	NA	NA	5	6	4	1	NA	5	1	1	6	6	2	6
sub-50	1	INF	9.888304862	1	19	-0.32996273	0	9	3	3	8	21	99	94	13	107	28	17	132	127	29	22	114	121	67.44415243	80.78323478	-29	2	1.5	2	2	2	2	2	3	NA	2	NA	4	4	3	4	3	3	2	2	NA	NA	NA	NA	NA	NA	NA	NA	NA	NA	NA	NA	3	1	3	1	1	4	2	3	4	4	3	3	NA	NA	NA	NA	NA	NA	NA	NA	NA	NA	NA	NA	4	1	2	1	1	4	2	1	4	3	4	4
sub-50	3	PRE	67.57555848	1	19	-0.32996273	0	9	3	3	8	21	99	94	13	107	28	17	132	127	29	22	114	121	67.44415243	80.78323478	-27	1	2	2	2	2	2	2	3	NA	2	NA	4	4	3	4	3	3	2	2	NA	NA	NA	NA	NA	NA	NA	NA	NA	NA	NA	NA	3	1	3	1	1	4	2	3	4	4	3	3	NA	NA	NA	NA	NA	NA	NA	NA	NA	NA	NA	NA	4	1	2	1	1	4	2	1	4	3	4	4
sub-50	4	BEG	84.6911958	1	19	-0.32996273	0	9	3	3	8	21	99	94	13	107	28	17	132	127	29	22	114	121	67.44415243	80.78323478	-27	2	2	2	2	2	2	2	3	NA	2	NA	4	4	3	4	3	3	2	2	NA	NA	NA	NA	NA	NA	NA	NA	NA	NA	NA	NA	3	1	3	1	1	4	2	3	4	4	3	3	NA	NA	NA	NA	NA	NA	NA	NA	NA	NA	NA	NA	4	1	2	1	1	4	2	1	4	3	4	4
sub-50	5	REA	100.7227332	1	19	-0.32996273	0	9	3	3	8	21	99	94	13	107	28	17	132	127	29	22	114	121	67.44415243	80.78323478	-25	2	2	2	2	2	2	2	3	NA	2	NA	4	4	3	4	3	3	2	2	NA	NA	NA	NA	NA	NA	NA	NA	NA	NA	NA	NA	3	1	3	1	1	4	2	3	4	4	3	3	NA	NA	NA	NA	NA	NA	NA	NA	NA	NA	NA	NA	4	1	2	1	1	4	2	1	4	3	4	4
sub-51	1	INF	8.70565046	0	18	0.608113064	0	8	6	2	16	27	103	125	16	118	18	12	111	116	15	NA	109	NA	68.65965834	80.5532742	-29	1.666666667	1.5	0	2	2	2	1.5	6	NA	3	NA	1	2	3	2	5	5	2	5	NA	NA	NA	NA	NA	NA	NA	NA	NA	NA	NA	NA	5	3	5	1	4	3	NA	6	6	6	2	6	5	3	6	1	1	4	6	6	NA	NA	NA	NA	5	4	6	2	2	3	4	4	5	5	2	5
sub-51	3	PRE	65.21024967	0	18	0.608113064	0	8	6	2	16	27	103	125	16	118	18	12	111	116	15	NA	109	NA	68.65965834	80.5532742	-92	2	2	2	2	2	2	2	6	NA	3	NA	1	2	3	2	5	5	2	5	NA	NA	NA	NA	NA	NA	NA	NA	NA	NA	NA	NA	5	3	5	1	4	3	NA	6	6	6	2	6	5	3	6	1	1	4	6	6	NA	NA	NA	NA	5	4	6	2	2	3	4	4	5	5	2	5
sub-51	4	BEG	82.62155059	0	18	0.608113064	0	8	6	2	16	27	103	125	16	118	18	12	111	116	15	NA	109	NA	68.65965834	80.5532742	-101	2	2	2	2	2	1.5	2	6	NA	3	NA	1	2	3	2	5	5	2	5	NA	NA	NA	NA	NA	NA	NA	NA	NA	NA	NA	NA	5	3	5	1	4	3	NA	6	6	6	2	6	5	3	6	1	1	4	6	6	NA	NA	NA	NA	5	4	6	2	2	3	4	4	5	5	2	5
sub-51	5	REA	96.09067017	0	18	0.608113064	0	8	6	2	16	27	103	125	16	118	18	12	111	116	15	NA	109	NA	68.65965834	80.5532742	-110	2	2	2	2	2	1.5	2	6	NA	3	NA	1	2	3	2	5	5	2	5	NA	NA	NA	NA	NA	NA	NA	NA	NA	NA	NA	NA	5	3	5	1	4	3	NA	6	6	6	2	6	5	3	6	1	1	4	6	6	NA	NA	NA	NA	5	4	6	2	2	3	4	4	5	5	2	5
sub-52	1	INF	9.494086728	0	20	-0.060467943	1	12	7	2	12	26	112	116	25	124	17	8	113	111	26	17	113	114	64.22470434	78.94355015	-30	1.666666667	NA	NA	NA	NA	NA	NA	6	NA	4	NA	3	2	5	NA	4	3	3	5	NA	NA	NA	NA	NA	NA	NA	NA	NA	NA	NA	NA	6	1	5	1	2	NA	3	1	4	3	1	5	6	1	5	1	2	3	2	1	5	2	1	6	6	1	6	1	2	2	1	1	5	3	1	6
sub-52	3	PRE	66.7542707	0	20	-0.060467943	1	12	7	2	12	26	112	116	25	124	17	8	113	111	26	17	113	114	64.22470434	78.94355015	-77	2	2	2	2	2	2	2	6	NA	4	NA	3	2	5	NA	4	3	3	5	NA	NA	NA	NA	NA	NA	NA	NA	NA	NA	NA	NA	6	1	5	1	2	NA	3	1	4	3	1	5	6	1	5	1	2	3	2	1	5	2	1	6	6	1	6	1	2	2	1	1	5	3	1	6
sub-52	4	BEG	80.78186597	0	20	-0.060467943	1	12	7	2	12	26	112	116	25	124	17	8	113	111	26	17	113	114	64.22470434	78.94355015	-37	2	2	2	2	2	2	2	6	NA	4	NA	3	2	5	NA	4	3	3	5	NA	NA	NA	NA	NA	NA	NA	NA	NA	NA	NA	NA	6	1	5	1	2	NA	3	1	4	3	1	5	6	1	5	1	2	3	2	1	5	2	1	6	6	1	6	1	2	2	1	1	5	3	1	6
sub-52	5	REA	97.3390276	0	20	-0.060467943	1	12	7	2	12	26	112	116	25	124	17	8	113	111	26	17	113	114	64.22470434	78.94355015	-51	2	2	2	2	2	2	2	6	NA	4	NA	3	2	5	NA	4	3	3	5	NA	NA	NA	NA	NA	NA	NA	NA	NA	NA	NA	NA	6	1	5	1	2	NA	3	1	4	3	1	5	6	1	5	1	2	3	2	1	5	2	1	6	6	1	6	1	2	2	1	1	5	3	1	6
sub-53	1	INF	8.935611038	0	16	0.210797731	0	8	6	0	10	21	98	101	12	100	14	9	93	102	23	11	100	95	64.25755585	85.64388962	-31	1.666666667	2	2	2	2	1.5	2	6	NA	4	NA	2	5	4	3	3	5	2	5	NA	NA	NA	NA	NA	NA	NA	NA	NA	NA	NA	NA	4	2	6	2	4	4	5	5	2	6	2	6	NA	NA	NA	NA	NA	NA	NA	NA	NA	NA	NA	NA	4	3	5	1	2	4	1	1	3	3	1	5
sub-53	3	PRE	64.25755585	0	16	0.210797731	0	8	6	0	10	21	98	101	12	100	14	9	93	102	23	11	100	95	64.25755585	85.64388962	NA	NA	NA	NA	NA	NA	NA	NA	6	NA	4	NA	2	5	4	3	3	5	2	5	NA	NA	NA	NA	NA	NA	NA	NA	NA	NA	NA	NA	4	2	6	2	4	4	5	5	2	6	2	6	NA	NA	NA	NA	NA	NA	NA	NA	NA	NA	NA	NA	4	3	5	1	2	4	1	1	3	3	1	5
sub-53	4	BEG	81.83311432	0	16	0.210797731	0	8	6	0	10	21	98	101	12	100	14	9	93	102	23	11	100	95	64.25755585	85.64388962	-60	2	2	2	2	2	2	2	6	NA	4	NA	2	5	4	3	3	5	2	5	NA	NA	NA	NA	NA	NA	NA	NA	NA	NA	NA	NA	4	2	6	2	4	4	5	5	2	6	2	6	NA	NA	NA	NA	NA	NA	NA	NA	NA	NA	NA	NA	4	3	5	1	2	4	1	1	3	3	1	5
sub-53	5	REA	96.78055191	0	16	0.210797731	0	8	6	0	10	21	98	101	12	100	14	9	93	102	23	11	100	95	64.25755585	85.64388962	-77	2	2	2	2	2	1	2	6	NA	4	NA	2	5	4	3	3	5	2	5	NA	NA	NA	NA	NA	NA	NA	NA	NA	NA	NA	NA	4	2	6	2	4	4	5	5	2	6	2	6	NA	NA	NA	NA	NA	NA	NA	NA	NA	NA	NA	NA	4	3	5	1	2	4	1	1	3	3	1	5
sub-54	1	INF	17.11563732	0	19	-0.24597413	1	11	13	7	15	25	112	110	13	107	30	22	121	123	NA	NA	NA	NA	74.21156373	NA	-19	1.666666667	NA	NA	NA	NA	NA	NA	3	NA	2	NA	3	2	2	3	5	4	2	3	NA	NA	NA	NA	NA	NA	NA	NA	NA	NA	NA	NA	4	3	4	1	4	2	3	2	5	3	2	2	4	5	4	2	3	5	1	1	5	2	1	2	NA	NA	NA	NA	NA	NA	NA	NA	NA	NA	NA	NA
sub-54	3	PRE	76.97109067	0	19	-0.24597413	1	11	13	7	15	25	112	110	13	107	30	22	121	123	NA	NA	NA	NA	74.21156373	NA	-49	2	1.5	2	2	2	2	2	3	NA	2	NA	3	2	2	3	5	4	2	3	NA	NA	NA	NA	NA	NA	NA	NA	NA	NA	NA	NA	4	3	4	1	4	2	3	2	5	3	2	2	4	5	4	2	3	5	1	1	5	2	1	2	NA	NA	NA	NA	NA	NA	NA	NA	NA	NA	NA	NA
sub-54	4	BEG	101.0840999	0	19	-0.24597413	1	11	13	7	15	25	112	110	13	107	30	22	121	123	NA	NA	NA	NA	74.21156373	NA	-76	2	2	2	1.5	2	2	2	3	NA	2	NA	3	2	2	3	5	4	2	3	NA	NA	NA	NA	NA	NA	NA	NA	NA	NA	NA	NA	4	3	4	1	4	2	3	2	5	3	2	2	4	5	4	2	3	5	1	1	5	2	1	2	NA	NA	NA	NA	NA	NA	NA	NA	NA	NA	NA	NA
sub-55	1	INF	6.603153745	0	16	0.29633561	0	10	0	2	16	26	102	128	14	112	NA	NA	NA	NA	25	14	111	107	60.84099869	78.74507227	-79	0.333333333	2	2	2	2	2	2	1	NA	3	NA	2	3	5	5	5	5	3	2	NA	NA	NA	NA	NA	NA	NA	NA	NA	NA	NA	NA	6	4	6	1	4	6	4	4	6	6	5	3	NA	NA	NA	NA	NA	NA	NA	NA	NA	NA	NA	NA	6	1	NA	1	1	6	1	1	5	5	2	4
sub-55	3	PRE	61.30091984	0	16	0.29633561	0	10	0	2	16	26	102	128	14	112	NA	NA	NA	NA	25	14	111	107	60.84099869	78.74507227	NA	NA	NA	NA	NA	NA	NA	NA	1	NA	3	NA	2	3	5	5	5	5	3	2	NA	NA	NA	NA	NA	NA	NA	NA	NA	NA	NA	NA	6	4	6	1	4	6	4	4	6	6	5	3	NA	NA	NA	NA	NA	NA	NA	NA	NA	NA	NA	NA	6	1	NA	1	1	6	1	1	5	5	2	4
sub-55	5	REA	93.03547963	0	16	0.29633561	0	10	0	2	16	26	102	128	14	112	NA	NA	NA	NA	25	14	111	107	60.84099869	78.74507227	-92	2	2	2	2	2	2	2	1	NA	3	NA	2	3	5	5	5	5	3	2	NA	NA	NA	NA	NA	NA	NA	NA	NA	NA	NA	NA	6	4	6	1	4	6	4	4	6	6	5	3	NA	NA	NA	NA	NA	NA	NA	NA	NA	NA	NA	NA	6	1	NA	1	1	6	1	1	5	5	2	4
sub-56	1	INF	6.438896189	1	16	-0.019270114	0	2	3	5	13	29	87	118	16	121	23	12	110	105	NA	NA	NA	NA	69.90801577	89.35611038	-22	1.333333333	0.5	NA	2	2	1.5	1	3	NA	4	NA	2	3	5	2	5	5	NA	5	NA	NA	NA	NA	NA	NA	NA	NA	NA	NA	NA	NA	2	2	4	1	2	4	3	4	5	6	1	4	3	2	6	1	1	5	3	2	5	5	2	4	NA	NA	NA	NA	NA	NA	NA	NA	NA	NA	NA	NA
sub-56	4	BEG	92.31274639	1	16	-0.019270114	0	2	3	5	13	29	87	118	16	121	23	12	110	105	NA	NA	NA	NA	69.90801577	89.35611038	-83	2	2	2	2	2	2	2	3	NA	4	NA	2	3	5	2	5	5	NA	5	NA	NA	NA	NA	NA	NA	NA	NA	NA	NA	NA	NA	2	2	4	1	2	4	3	4	5	6	1	4	3	2	6	1	1	5	3	2	5	5	2	4	NA	NA	NA	NA	NA	NA	NA	NA	NA	NA	NA	NA
sub-57	1	INF	11.20236531	0	18	0.261150274	1	NA	NA	NA	12	27	NA	117	18	121	12	15	89	116	28	21	111	118	65.34165572	84.36268068	-37	2	NA	NA	NA	NA	NA	NA	6	NA	3	NA	1	3	3	5	5	5	5	5	NA	NA	NA	NA	NA	NA	NA	NA	NA	NA	NA	NA	5	2	6	1	1	3	1	1	6	6	2	5	NA	NA	NA	NA	NA	NA	NA	NA	NA	NA	NA	NA	6	2	6	1	1	2	5	1	5	6	2	5
sub-57	3	PRE	65.34165572	0	18	0.261150274	1	NA	NA	NA	12	27	NA	117	18	121	12	15	89	116	28	21	111	118	65.34165572	84.36268068	-40	2	2	2	2	2	2	2	6	NA	3	NA	1	3	3	5	5	5	5	5	NA	NA	NA	NA	NA	NA	NA	NA	NA	NA	NA	NA	5	2	6	1	1	3	1	1	6	6	2	5	NA	NA	NA	NA	NA	NA	NA	NA	NA	NA	NA	NA	6	2	6	1	1	2	5	1	5	6	2	5
sub-57	4	BEG	84.36268068	0	18	0.261150274	1	NA	NA	NA	12	27	NA	117	18	121	12	15	89	116	28	21	111	118	65.34165572	84.36268068	NA	NA	NA	NA	NA	NA	NA	NA	6	NA	3	NA	1	3	3	5	5	5	5	5	NA	NA	NA	NA	NA	NA	NA	NA	NA	NA	NA	NA	5	2	6	1	1	3	1	1	6	6	2	5	NA	NA	NA	NA	NA	NA	NA	NA	NA	NA	NA	NA	6	2	6	1	1	2	5	1	5	6	2	5
sub-57	5	REA	101.7082786	0	18	0.261150274	1	NA	NA	NA	12	27	NA	117	18	121	12	15	89	116	28	21	111	118	65.34165572	84.36268068	-66	2	2	2	2	2	2	2	6	NA	3	NA	1	3	3	5	5	5	5	5	NA	NA	NA	NA	NA	NA	NA	NA	NA	NA	NA	NA	5	2	6	1	1	3	1	1	6	6	2	5	NA	NA	NA	NA	NA	NA	NA	NA	NA	NA	NA	NA	6	2	6	1	1	2	5	1	5	6	2	5
sub-58	1	INF	6.076160753	1	20	0.058547924	0	4	4	1	13	26	84	112	9	90	30	20	124	121	33	20	123	113	69.54528033	92.31137757	-22	2	2	2	2	2	2	2	5	3	4	NA	3	2	5	5	5	5	2	5	NA	NA	NA	NA	NA	NA	NA	NA	NA	NA	NA	NA	4	6	6	3	2	3	3	2	6	2	1	2	6	6	5	3	2	2	1	1	6	2	1	2	NA	NA	NA	NA	NA	NA	NA	NA	NA	NA	NA	NA
sub-58	3	PRE	73.45597898	1	20	0.058547924	0	4	4	1	13	26	84	112	9	90	30	20	124	121	33	20	123	113	69.54528033	92.31137757	NA	NA	NA	NA	NA	NA	NA	NA	5	3	4	NA	3	2	5	5	5	5	2	5	NA	NA	NA	NA	NA	NA	NA	NA	NA	NA	NA	NA	4	6	6	3	2	3	3	2	6	2	1	2	6	6	5	3	2	2	1	1	6	2	1	2	NA	NA	NA	NA	NA	NA	NA	NA	NA	NA	NA	NA
sub-58	4	BEG	92.081417	1	20	0.058547924	0	4	4	1	13	26	84	112	9	90	30	20	124	121	33	20	123	113	69.54528033	92.31137757	-53	2	2	2	2	2	2	2	5	3	4	NA	3	2	5	5	5	5	2	5	NA	NA	NA	NA	NA	NA	NA	NA	NA	NA	NA	NA	4	6	6	3	2	3	3	2	6	2	1	2	6	6	5	3	2	2	1	1	6	2	1	2	NA	NA	NA	NA	NA	NA	NA	NA	NA	NA	NA	NA
sub-58	5	REA	124.2758979	1	20	0.058547924	0	4	4	1	13	26	84	112	9	90	30	20	124	121	33	20	123	113	69.54528033	92.31137757	-60	1.5	NA	NA	NA	NA	NA	NA	5	3	4	NA	3	2	5	5	5	5	2	5	NA	NA	NA	NA	NA	NA	NA	NA	NA	NA	NA	NA	4	6	6	3	2	3	3	2	6	2	1	2	6	6	5	3	2	2	1	1	6	2	1	2	NA	NA	NA	NA	NA	NA	NA	NA	NA	NA	NA	NA
sub-59	1	INF	6.077529566	1	20	0.069570371	0	7	10	6	11	22	93	99	12	101	19	13	95	104	27	20	105	113	69.54664915	92.31137757	-63	0	2	2	2	2	2	2	5	3	4	NA	3	NA	NA	NA	5	5	2	NA	NA	NA	NA	NA	NA	NA	NA	NA	NA	NA	NA	NA	4	6	6	3	2	3	3	2	6	2	1	2	6	6	NA	3	2	2	1	1	6	2	1	2	NA	NA	NA	NA	NA	NA	NA	NA	NA	NA	NA	NA
sub-59	3	PRE	73.45597898	1	20	0.069570371	0	7	10	6	11	22	93	99	12	101	19	13	95	104	27	20	105	113	69.54664915	92.31137757	-43	1.5	2	2	2	2	2	2	5	3	4	NA	3	NA	NA	NA	5	5	2	NA	NA	NA	NA	NA	NA	NA	NA	NA	NA	NA	NA	NA	4	6	6	3	2	3	3	2	6	2	1	2	6	6	NA	3	2	2	1	1	6	2	1	2	NA	NA	NA	NA	NA	NA	NA	NA	NA	NA	NA	NA
sub-59	4	BEG	92.08278581	1	20	0.069570371	0	7	10	6	11	22	93	99	12	101	19	13	95	104	27	20	105	113	69.54664915	92.31137757	-61	1.5	2	2	2	2	1.5	2	5	3	4	NA	3	NA	NA	NA	5	5	2	NA	NA	NA	NA	NA	NA	NA	NA	NA	NA	NA	NA	NA	4	6	6	3	2	3	3	2	6	2	1	2	6	6	NA	3	2	2	1	1	6	2	1	2	NA	NA	NA	NA	NA	NA	NA	NA	NA	NA	NA	NA
sub-59	5	REA	124.2758979	1	20	0.069570371	0	7	10	6	11	22	93	99	12	101	19	13	95	104	27	20	105	113	69.54664915	92.31137757	-39	2	1.5	2	2	2	1.5	2	5	3	4	NA	3	NA	NA	NA	5	5	2	NA	NA	NA	NA	NA	NA	NA	NA	NA	NA	NA	NA	NA	4	6	6	3	2	3	3	2	6	2	1	2	6	6	NA	3	2	2	1	1	6	2	1	2	NA	NA	NA	NA	NA	NA	NA	NA	NA	NA	NA	NA
sub-60	1	INF	9.26412615	0	17	0.009728196	0	9	3	5	11	29	111	124	14	112	31	26	133	144	38	222	138	119	61.23521682	87.87916119	-34	1.666666667	2	2	2	2	2	2	NA	NA	NA	NA	NA	NA	NA	NA	NA	NA	NA	NA	NA	NA	NA	NA	NA	NA	NA	NA	NA	NA	NA	NA	6	1	6	1	1	5	5	5	6	4	2	3	6	1	6	1	1	4	3	1	6	3	2	2	NA	NA	NA	NA	NA	NA	NA	NA	NA	NA	NA	NA
sub-60	3	PRE	62.38501971	0	17	0.009728196	0	9	3	5	11	29	111	124	14	112	31	26	133	144	38	222	138	119	61.23521682	87.87916119	NA	NA	NA	NA	NA	NA	NA	NA	NA	NA	NA	NA	NA	NA	NA	NA	NA	NA	NA	NA	NA	NA	NA	NA	NA	NA	NA	NA	NA	NA	NA	NA	6	1	6	1	1	5	5	5	6	4	2	3	6	1	6	1	1	4	3	1	6	3	2	2	NA	NA	NA	NA	NA	NA	NA	NA	NA	NA	NA	NA
sub-60	4	BEG	92.01708279	0	17	0.009728196	0	9	3	5	11	29	111	124	14	112	31	26	133	144	38	222	138	119	61.23521682	87.87916119	-71	2	2	2	2	2	2	2	NA	NA	NA	NA	NA	NA	NA	NA	NA	NA	NA	NA	NA	NA	NA	NA	NA	NA	NA	NA	NA	NA	NA	NA	6	1	6	1	1	5	5	5	6	4	2	3	6	1	6	1	1	4	3	1	6	3	2	2	NA	NA	NA	NA	NA	NA	NA	NA	NA	NA	NA	NA
sub-61	1	INF	8.015768725	1	16	0.042967099	0	6	3	0	11	25	96	116	8	85	17	10	96	100	26	14	92	90	59.62549277	88.59915681	-15	1	2	2	2	2	2	2	3	NA	2	NA	2	6	5	3	5	5	2	5	NA	NA	NA	NA	NA	NA	NA	NA	NA	NA	NA	NA	3	3	5	1	2	3	4	2	6	4	5	2	3	3	5	1	1	3	3	3	6	4	2	3	3	2	5	1	1	2	3	1	6	6	2	2
sub-61	3	PRE	59.62549277	1	16	0.042967099	0	6	3	0	11	25	96	116	8	85	17	10	96	100	26	14	92	90	59.62549277	88.59915681	NA	NA	NA	NA	NA	NA	NA	NA	3	NA	2	NA	2	6	5	3	5	5	2	5	NA	NA	NA	NA	NA	NA	NA	NA	NA	NA	NA	NA	3	3	5	1	2	3	4	2	6	4	5	2	3	3	5	1	1	3	3	3	6	4	2	3	3	2	5	1	1	2	3	1	6	6	2	2
sub-61	4	BEG	90.0131406	1	16	0.042967099	0	6	3	0	11	25	96	116	8	85	17	10	96	100	26	14	92	90	59.62549277	88.59915681	-47	1	2	2	2	2	2	2	3	NA	2	NA	2	6	5	3	5	5	2	5	NA	NA	NA	NA	NA	NA	NA	NA	NA	NA	NA	NA	3	3	5	1	2	3	4	2	6	4	5	2	3	3	5	1	1	3	3	3	6	4	2	3	3	2	5	1	1	2	3	1	6	6	2	2
sub-61	5	REA	121.8462549	1	16	0.042967099	0	6	3	0	11	25	96	116	8	85	17	10	96	100	26	14	92	90	59.62549277	88.59915681	-42	2	2	2	2	2	2	2	3	NA	2	NA	2	6	5	3	5	5	2	5	NA	NA	NA	NA	NA	NA	NA	NA	NA	NA	NA	NA	3	3	5	1	2	3	4	2	6	4	5	2	3	3	5	1	1	3	3	3	6	4	2	3	3	2	5	1	1	2	3	1	6	6	2	2
sub-62	1	INF	9.954007884	1	14	-0.186380187	0	2	0	0	5	16	82	83	12	101	0	0	57	67	19	10	71	79	60.80814717	89.1261498	-19	2	2	2	2	2	2	2	3	NA	3	NA	2	4	5	5	5	5	1	3	NA	NA	NA	NA	NA	NA	NA	NA	NA	NA	NA	NA	3	1	4	1	3	5	2	2	4	4	1	4	2	1	4	1	2	4	1	1	4	4	1	4	NA	NA	NA	NA	NA	NA	NA	NA	NA	NA	NA	NA
sub-62	3	PRE	61.26806833	1	14	-0.186380187	0	2	0	0	5	16	82	83	12	101	0	0	57	67	19	10	71	79	60.80814717	89.1261498	-54	2	2	2	2	2	2	2	3	NA	3	NA	2	4	5	5	5	5	1	3	NA	NA	NA	NA	NA	NA	NA	NA	NA	NA	NA	NA	3	1	4	1	3	5	2	2	4	4	1	4	2	1	4	1	2	4	1	1	4	4	1	4	NA	NA	NA	NA	NA	NA	NA	NA	NA	NA	NA	NA
sub-62	5	REA	124.0815265	1	14	-0.186380187	0	2	0	0	5	16	82	83	12	101	0	0	57	67	19	10	71	79	60.80814717	89.1261498	-92	2	2	2	2	2	2	2	3	NA	3	NA	2	4	5	5	5	5	1	3	NA	NA	NA	NA	NA	NA	NA	NA	NA	NA	NA	NA	3	1	4	1	3	5	2	2	4	4	1	4	2	1	4	1	2	4	1	1	4	4	1	4	NA	NA	NA	NA	NA	NA	NA	NA	NA	NA	NA	NA
sub-63	1	INF	17.24704336	1	14	0.336450339	1	11	13	7	13	24	119	110	13	94	15	8	96	100	22	13	98	100	68.2325887	84.95263907	-37	2	2	2	2	2	2	2	4	NA	2	NA	3	NA	5	5	5	5	4	5	NA	NA	NA	NA	NA	NA	NA	NA	NA	NA	NA	NA	NA	NA	NA	NA	NA	NA	NA	NA	NA	NA	NA	NA	3	2	4	2	2	3	5	6	3	5	2	3	3	2	4	2	1	3	5	NA	3	6	3	5
sub-63	3	PRE	68.2325887	1	14	0.336450339	1	11	13	7	13	24	119	110	13	94	15	8	96	100	22	13	98	100	68.2325887	84.95263907	-69	0	2	2	2	2	2	1.5	4	NA	2	NA	3	NA	5	5	5	5	4	5	NA	NA	NA	NA	NA	NA	NA	NA	NA	NA	NA	NA	NA	NA	NA	NA	NA	NA	NA	NA	NA	NA	NA	NA	3	2	4	2	2	3	5	6	3	5	2	3	3	2	4	2	1	3	5	NA	3	6	3	5
sub-63	4	BEG	84.95400788	1	14	0.336450339	1	11	13	7	13	24	119	110	13	94	15	8	96	100	22	13	98	100	68.2325887	84.95263907	-32	2	1.5	2	2	2	1.5	2	4	NA	2	NA	3	NA	5	5	5	5	4	5	NA	NA	NA	NA	NA	NA	NA	NA	NA	NA	NA	NA	NA	NA	NA	NA	NA	NA	NA	NA	NA	NA	NA	NA	3	2	4	2	2	3	5	6	3	5	2	3	3	2	4	2	1	3	5	NA	3	6	3	5
sub-63	5	REA	99.96714849	1	14	0.336450339	1	11	13	7	13	24	119	110	13	94	15	8	96	100	22	13	98	100	68.2325887	84.95263907	-38	2	2	2	2	2	2	2	4	NA	2	NA	3	NA	5	5	5	5	4	5	NA	NA	NA	NA	NA	NA	NA	NA	NA	NA	NA	NA	NA	NA	NA	NA	NA	NA	NA	NA	NA	NA	NA	NA	3	2	4	2	2	3	5	6	3	5	2	3	3	2	4	2	1	3	5	NA	3	6	3	5
sub-64	1	INF	17.67411301	0	16	0.479440466	0	11	12	11	13	30	123	122	11	99	30	20	131	127	36	22	137	123	67.90407359	85.67674113	-13	2	2	2	2	2	2	2	NA	NA	NA	NA	NA	NA	NA	NA	NA	NA	NA	NA	NA	NA	NA	NA	NA	NA	NA	NA	NA	NA	NA	NA	6	4	4	1	2	4	6	1	6	6	3	6	6	3	6	1	2	4	1	1	5	5	6	4	6	2	6	1	4	5	1	1	6	4	3	5
sub-64	3	PRE	69.21813403	0	16	0.479440466	0	11	12	11	13	30	123	122	11	99	30	20	131	127	36	22	137	123	67.90407359	85.67674113	-37	2	2	2	2	2	2	2	NA	NA	NA	NA	NA	NA	NA	NA	NA	NA	NA	NA	NA	NA	NA	NA	NA	NA	NA	NA	NA	NA	NA	NA	6	4	4	1	2	4	6	1	6	6	3	6	6	3	6	1	2	4	1	1	5	5	6	4	6	2	6	1	4	5	1	1	6	4	3	5
sub-64	4	BEG	87.0565046	0	16	0.479440466	0	11	12	11	13	30	123	122	11	99	30	20	131	127	36	22	137	123	67.90407359	85.67674113	-38	2	2	2	2	2	2	2	NA	NA	NA	NA	NA	NA	NA	NA	NA	NA	NA	NA	NA	NA	NA	NA	NA	NA	NA	NA	NA	NA	NA	NA	6	4	4	1	2	4	6	1	6	6	3	6	6	3	6	1	2	4	1	1	5	5	6	4	6	2	6	1	4	5	1	1	6	4	3	5
sub-64	5	REA	98.39027595	0	16	0.479440466	0	11	12	11	13	30	123	122	11	99	30	20	131	127	36	22	137	123	67.90407359	85.67674113	-32	2	2	2	2	2	2	2	NA	NA	NA	NA	NA	NA	NA	NA	NA	NA	NA	NA	NA	NA	NA	NA	NA	NA	NA	NA	NA	NA	NA	NA	6	4	4	1	2	4	6	1	6	6	3	6	6	3	6	1	2	4	1	1	5	5	6	4	6	2	6	1	4	5	1	1	6	4	3	5
sub-65	1	INF	7.58869908	1	18	-0.277685841	0	10	2	3	12	32	108	132	12	101	28	15	129	120	NA	NA	NA	NA	61.43232589	83.50854139	-24	2	1.5	1	2	2	2	2	4	NA	2	NA	3	NA	NA	NA	3	5	2	5	NA	NA	NA	NA	NA	NA	NA	NA	NA	NA	NA	NA	4	1	4	1	1	5	2	2	4	5	2	2	4	1	4	1	1	4	2	1	5	2	2	2	NA	NA	NA	NA	NA	NA	NA	NA	NA	NA	NA	NA
sub-65	3	PRE	61.92509855	1	18	-0.277685841	0	10	2	3	12	32	108	132	12	101	28	15	129	120	NA	NA	NA	NA	61.43232589	83.50854139	-33	2	2	2	2	2	2	2	4	NA	2	NA	3	NA	NA	NA	3	5	2	5	NA	NA	NA	NA	NA	NA	NA	NA	NA	NA	NA	NA	4	1	4	1	1	5	2	2	4	5	2	2	4	1	4	1	1	4	2	1	5	2	2	2	NA	NA	NA	NA	NA	NA	NA	NA	NA	NA	NA	NA
sub-65	4	BEG	84.55978975	1	18	-0.277685841	0	10	2	3	12	32	108	132	12	101	28	15	129	120	NA	NA	NA	NA	61.43232589	83.50854139	-122	1	2	2	2	2	2	2	4	NA	2	NA	3	NA	NA	NA	3	5	2	5	NA	NA	NA	NA	NA	NA	NA	NA	NA	NA	NA	NA	4	1	4	1	1	5	2	2	4	5	2	2	4	1	4	1	1	4	2	1	5	2	2	2	NA	NA	NA	NA	NA	NA	NA	NA	NA	NA	NA	NA
sub-66	1	INF	9.658344284	1	20	-0.464759401	0	NA	NA	NA	NA	NA	NA	NA	29	127	15	8	117	117	28	17	105	103	NA	75.5913272	-20	2	2	2	2	2	2	2	2	NA	3	NA	3	5	2	2	3	3	2	2	NA	NA	NA	NA	NA	NA	NA	NA	NA	NA	NA	NA	NA	NA	NA	NA	NA	NA	NA	NA	NA	NA	NA	NA	2	1	2	1	2	4	4	1	3	3	2	2	NA	NA	NA	NA	NA	NA	NA	NA	NA	NA	NA	NA
sub-66	4	BEG	77.43238064	1	20	-0.464759401	0	NA	NA	NA	NA	NA	NA	NA	29	127	15	8	117	117	28	17	105	103	NA	75.5913272	-38	2	2	2	2	2	2	2	2	NA	3	NA	3	5	2	2	3	3	2	2	NA	NA	NA	NA	NA	NA	NA	NA	NA	NA	NA	NA	NA	NA	NA	NA	NA	NA	NA	NA	NA	NA	NA	NA	2	1	2	1	2	4	4	1	3	3	2	2	NA	NA	NA	NA	NA	NA	NA	NA	NA	NA	NA	NA
sub-67	1	INF	5.157687254	0	20	0.576530369	0	NA	NA	NA	14	21	NA	113	15	100	16	14	111	124	NA	NA	NA	NA	60.67674113	78.2837823	-49	1.333333333	0.5	1	1	2	2	1.5	6	NA	6	NA	1	6	5	5	5	4	2	5	NA	NA	NA	NA	NA	NA	NA	NA	NA	NA	NA	NA	5	4	6	2	2	5	2	2	5	6	3	6	6	4	6	1	1	5	1	1	6	5	2	5	NA	NA	NA	NA	NA	NA	NA	NA	NA	NA	NA	NA
sub-67	4	BEG	77.59526938	0	20	0.576530369	0	NA	NA	NA	14	21	NA	113	15	100	16	14	111	124	NA	NA	NA	NA	60.67674113	78.2837823	-28	2	2	2	2	2	2	2	6	NA	6	NA	1	6	5	5	5	4	2	5	NA	NA	NA	NA	NA	NA	NA	NA	NA	NA	NA	NA	5	4	6	2	2	5	2	2	5	6	3	6	6	4	6	1	1	5	1	1	6	5	2	5	NA	NA	NA	NA	NA	NA	NA	NA	NA	NA	NA	NA
sub-68	1	INF	11.26806833	1	16	0.273669408	0	9	5	4	11	27	108	116	24	95	22	17	112	121	28	18	111	110	63.63337714	84.49408673	-14	1.666666667	2	2	2	2	2	2	5	NA	5	NA	1	6	5	2	5	5	3	5	NA	NA	NA	NA	NA	NA	NA	NA	NA	NA	NA	NA	2	2	3	1	1	5	4	4	5	5	2	4	3	2	4	1	1	3	2	1	6	5	2	5	NA	NA	NA	NA	NA	NA	NA	NA	NA	NA	NA	NA
sub-68	3	PRE	65.01450942	1	16	0.273669408	0	9	5	4	11	27	108	116	24	95	22	17	112	121	28	18	111	110	63.63337714	84.49408673	-19	2	NA	NA	NA	NA	NA	NA	5	NA	5	NA	1	6	5	2	5	5	3	5	NA	NA	NA	NA	NA	NA	NA	NA	NA	NA	NA	NA	2	2	3	1	1	5	4	4	5	5	2	4	3	2	4	1	1	3	2	1	6	5	2	5	NA	NA	NA	NA	NA	NA	NA	NA	NA	NA	NA	NA
sub-68	4	BEG	84.49408673	1	16	0.273669408	0	9	5	4	11	27	108	116	24	95	22	17	112	121	28	18	111	110	63.63337714	84.49408673	-26	2	2	2	2	2	2	2	5	NA	5	NA	1	6	5	2	5	5	3	5	NA	NA	NA	NA	NA	NA	NA	NA	NA	NA	NA	NA	2	2	3	1	1	5	4	4	5	5	2	4	3	2	4	1	1	3	2	1	6	5	2	5	NA	NA	NA	NA	NA	NA	NA	NA	NA	NA	NA	NA
sub-69	1	INF	12.9434954	0	15	0.01682506	1	4	0	2	5	22	87	90	14	92	14	6	99	99	29	14	103	91	64.65177398	83.40998686	-16	1.666666667	NA	0	NA	NA	0.5	0.5	4	NA	4	NA	1	6	5	5	5	5	2	5	NA	NA	NA	NA	NA	NA	NA	NA	NA	NA	NA	NA	5	1	6	1	6	3	2	2	3	2	2	2	NA	NA	NA	NA	NA	NA	NA	NA	NA	NA	NA	NA	NA	NA	NA	NA	NA	NA	NA	NA	NA	NA	NA	NA
sub-69	3	PRE	67.54270696	0	15	0.01682506	1	4	0	2	5	22	87	90	14	92	14	6	99	99	29	14	103	91	64.65177398	83.40998686	NA	NA	NA	NA	NA	NA	NA	NA	4	NA	4	NA	1	6	5	5	5	5	2	5	NA	NA	NA	NA	NA	NA	NA	NA	NA	NA	NA	NA	5	1	6	1	6	3	2	2	3	2	2	2	NA	NA	NA	NA	NA	NA	NA	NA	NA	NA	NA	NA	NA	NA	NA	NA	NA	NA	NA	NA	NA	NA	NA	NA
sub-69	4	BEG	86.760841	0	15	0.01682506	1	4	0	2	5	22	87	90	14	92	14	6	99	99	29	14	103	91	64.65177398	83.40998686	NA	NA	NA	NA	NA	NA	NA	NA	4	NA	4	NA	1	6	5	5	5	5	2	5	NA	NA	NA	NA	NA	NA	NA	NA	NA	NA	NA	NA	5	1	6	1	6	3	2	2	3	2	2	2	NA	NA	NA	NA	NA	NA	NA	NA	NA	NA	NA	NA	NA	NA	NA	NA	NA	NA	NA	NA	NA	NA	NA	NA
sub-69	5	REA	121.0906702	0	15	0.01682506	1	4	0	2	5	22	87	90	14	92	14	6	99	99	29	14	103	91	64.65177398	83.40998686	-65	2	2	2	2	2	2	2	4	NA	4	NA	1	6	5	5	5	5	2	5	NA	NA	NA	NA	NA	NA	NA	NA	NA	NA	NA	NA	5	1	6	1	6	3	2	2	3	2	2	2	NA	NA	NA	NA	NA	NA	NA	NA	NA	NA	NA	NA	NA	NA	NA	NA	NA	NA	NA	NA	NA	NA	NA	NA
sub-70	1	INF	9.06564827	0	20	0.605287504	0	12	6	9	10	21	126	106	17	110	22	18	123	132	33	21	126	118	59.6911958	78.2837823	-44	2	2	2	2	2	2	2	5	NA	5	NA	1	2	5	5	5	5	5	5	NA	NA	NA	NA	NA	NA	NA	NA	NA	NA	NA	NA	2	3	3	1	1	4	5	5	6	6	6	6	6	3	3	1	4	5	1	1	6	6	6	6	2	3	3	1	1	4	5	5	6	6	6	6
sub-70	3	PRE	61.95795007	0	20	0.605287504	0	12	6	9	10	21	126	106	17	110	22	18	123	132	33	21	126	118	59.6911958	78.2837823	-78	2	2	2	2	2	2	2	5	NA	5	NA	1	2	5	5	5	5	5	5	NA	NA	NA	NA	NA	NA	NA	NA	NA	NA	NA	NA	2	3	3	1	1	4	5	5	6	6	6	6	6	3	3	1	4	5	1	1	6	6	6	6	2	3	3	1	1	4	5	5	6	6	6	6
sub-70	4	BEG	78.61229742	0	20	0.605287504	0	12	6	9	10	21	126	106	17	110	22	18	123	132	33	21	126	118	59.6911958	78.2837823	-56	2	2	2	2	2	2	2	5	NA	5	NA	1	2	5	5	5	5	5	5	NA	NA	NA	NA	NA	NA	NA	NA	NA	NA	NA	NA	2	3	3	1	1	4	5	5	6	6	6	6	6	3	3	1	4	5	1	1	6	6	6	6	2	3	3	1	1	4	5	5	6	6	6	6
sub-70	5	REA	112.3836509	0	20	0.605287504	0	12	6	9	10	21	126	106	17	110	22	18	123	132	33	21	126	118	59.6911958	78.2837823	-43	2	2	2	2	2	2	2	5	NA	5	NA	1	2	5	5	5	5	5	5	NA	NA	NA	NA	NA	NA	NA	NA	NA	NA	NA	NA	2	3	3	1	1	4	5	5	6	6	6	6	6	3	3	1	4	5	1	1	6	6	6	6	2	3	3	1	1	4	5	5	6	6	6	6
sub-71	1	INF	8.409986859	1	18	0.611984453	1	8	2	2	15	26	99	124	27	134	24	17	116	121	31	19	114	108	63.46911958	85.77529566	-9	2	1.5	0	1	2	2	2	4	NA	2	NA	4	6	5	NA	5	5	5	5	NA	NA	NA	NA	NA	NA	NA	NA	NA	NA	NA	NA	3	2	4	2	1	6	5	5	5	5	2	5	6	3	4	3	1	5	4	4	5	5	2	4	NA	NA	NA	NA	NA	NA	NA	NA	NA	NA	NA	NA
sub-71	3	PRE	63.30486202	1	18	0.611984453	1	8	2	2	15	26	99	124	27	134	24	17	116	121	31	19	114	108	63.46911958	85.77529566	-46	2	2	2	2	2	2	2	4	NA	2	NA	4	6	5	NA	5	5	5	5	NA	NA	NA	NA	NA	NA	NA	NA	NA	NA	NA	NA	3	2	4	2	1	6	5	5	5	5	2	5	6	3	4	3	1	5	4	4	5	5	2	4	NA	NA	NA	NA	NA	NA	NA	NA	NA	NA	NA	NA
sub-71	4	BEG	85.77529566	1	18	0.611984453	1	8	2	2	15	26	99	124	27	134	24	17	116	121	31	19	114	108	63.46911958	85.77529566	NA	NA	NA	NA	NA	NA	NA	NA	4	NA	2	NA	4	6	5	NA	5	5	5	5	NA	NA	NA	NA	NA	NA	NA	NA	NA	NA	NA	NA	3	2	4	2	1	6	5	5	5	5	2	5	6	3	4	3	1	5	4	4	5	5	2	4	NA	NA	NA	NA	NA	NA	NA	NA	NA	NA	NA	NA
sub-71	5	REA	113.6320083	1	18	0.611984453	1	8	2	2	15	26	99	124	27	134	24	17	116	121	31	19	114	108	63.46911958	85.77529566	-46	2	2	2	2	2	2	2	4	NA	2	NA	4	6	5	NA	5	5	5	5	NA	NA	NA	NA	NA	NA	NA	NA	NA	NA	NA	NA	3	2	4	2	1	6	5	5	5	5	2	5	6	3	4	3	1	5	4	4	5	5	2	4	NA	NA	NA	NA	NA	NA	NA	NA	NA	NA	NA	NA
sub-72	1	INF	16.4586071	1	16	0.639943233	1	9	4	0	15	25	104	126	15	104	11	6	106	110	28	12	108	92	58.90275953	76.08273106	-10	1.666666667	2	2	2	2	2	2	6	NA	4	NA	2	5	4	2	5	5	5	5	NA	NA	NA	NA	NA	NA	NA	NA	NA	NA	NA	NA	6	2	4	1	2	4	6	6	5	6	2	6	6	2	5	1	2	6	5	3	3	6	1	5	NA	NA	NA	NA	NA	NA	NA	NA	NA	NA	NA	NA
sub-72	3	PRE	61.39947438	1	16	0.639943233	1	9	4	0	15	25	104	126	15	104	11	6	106	110	28	12	108	92	58.90275953	76.08273106	-59	2	1.5	2	2	2	2	2	6	NA	4	NA	2	5	4	2	5	5	5	5	NA	NA	NA	NA	NA	NA	NA	NA	NA	NA	NA	NA	6	2	4	1	2	4	6	6	5	6	2	6	6	2	5	1	2	6	5	3	3	6	1	5	NA	NA	NA	NA	NA	NA	NA	NA	NA	NA	NA	NA
sub-72	4	BEG	76.08409987	1	16	0.639943233	1	9	4	0	15	25	104	126	15	104	11	6	106	110	28	12	108	92	58.90275953	76.08273106	-47	2	2	1.5	2	2	1.5	2	6	NA	4	NA	2	5	4	2	5	5	5	5	NA	NA	NA	NA	NA	NA	NA	NA	NA	NA	NA	NA	6	2	4	1	2	4	6	6	5	6	2	6	6	2	5	1	2	6	5	3	3	6	1	5	NA	NA	NA	NA	NA	NA	NA	NA	NA	NA	NA	NA
sub-72	5	REA	107.4244415	1	16	0.639943233	1	9	4	0	15	25	104	126	15	104	11	6	106	110	28	12	108	92	58.90275953	76.08273106	-61	2	2	2	2	2	2	2	6	NA	4	NA	2	5	4	2	5	5	5	5	NA	NA	NA	NA	NA	NA	NA	NA	NA	NA	NA	NA	6	2	4	1	2	4	6	6	5	6	2	6	6	2	5	1	2	6	5	3	3	6	1	5	NA	NA	NA	NA	NA	NA	NA	NA	NA	NA	NA	NA
sub-73	1	INF	9.099868594	1	20	0.434894577	1	11	7	4	13	25	121	122	22	124	22	13	112	112	29	18	111	107	59.46123522	85.61240692	-28	1.333333333	2	2	2	2	2	2	6	NA	2	NA	2	1	NA	NA	5	5	5	5	NA	NA	NA	NA	NA	NA	NA	NA	NA	NA	NA	NA	NA	NA	NA	NA	NA	NA	NA	NA	NA	NA	NA	NA	NA	NA	NA	NA	NA	NA	NA	NA	NA	NA	NA	NA	NA	NA	NA	NA	NA	NA	NA	NA	NA	NA	NA	NA
sub-73	3	PRE	61.760841	1	20	0.434894577	1	11	7	4	13	25	121	122	22	124	22	13	112	112	29	18	111	107	59.46123522	85.61240692	-31	2	2	2	2	2	2	2	6	NA	2	NA	2	1	NA	NA	5	5	5	5	NA	NA	NA	NA	NA	NA	NA	NA	NA	NA	NA	NA	NA	NA	NA	NA	NA	NA	NA	NA	NA	NA	NA	NA	NA	NA	NA	NA	NA	NA	NA	NA	NA	NA	NA	NA	NA	NA	NA	NA	NA	NA	NA	NA	NA	NA	NA	NA
sub-73	4	BEG	95.69645204	1	20	0.434894577	1	11	7	4	13	25	121	122	22	124	22	13	112	112	29	18	111	107	59.46123522	85.61240692	-17	2	2	2	2	2	2	2	6	NA	2	NA	2	1	NA	NA	5	5	5	5	NA	NA	NA	NA	NA	NA	NA	NA	NA	NA	NA	NA	NA	NA	NA	NA	NA	NA	NA	NA	NA	NA	NA	NA	NA	NA	NA	NA	NA	NA	NA	NA	NA	NA	NA	NA	NA	NA	NA	NA	NA	NA	NA	NA	NA	NA	NA	NA
sub-73	5	REA	108.7398708	1	20	0.434894577	1	11	7	4	13	25	121	122	22	124	22	13	112	112	29	18	111	107	59.46123522	85.61240692	-40	2	2	2	2	2	2	2	6	NA	2	NA	2	1	NA	NA	5	5	5	5	NA	NA	NA	NA	NA	NA	NA	NA	NA	NA	NA	NA	NA	NA	NA	NA	NA	NA	NA	NA	NA	NA	NA	NA	NA	NA	NA	NA	NA	NA	NA	NA	NA	NA	NA	NA	NA	NA	NA	NA	NA	NA	NA	NA	NA	NA	NA	NA
sub-74	1	INF	16.68856767	1	16	0.373386704	1	10	13	4	12	28	125	126	18	113	24	13	131	125	34	21	126	116	58.90275953	76.08273106	-15	2	2	2	2	2	2	2	6	NA	4	NA	2	5	4	2	2	5	2	5	NA	NA	NA	NA	NA	NA	NA	NA	NA	NA	NA	NA	6	2	4	1	2	NA	NA	NA	5	6	2	NA	6	2	5	1	2	6	5	3	3	6	1	5	NA	NA	NA	NA	NA	NA	NA	NA	NA	NA	NA	NA
sub-74	3	PRE	61.30091984	1	16	0.373386704	1	10	13	4	12	28	125	126	18	113	24	13	131	125	34	21	126	116	58.90275953	76.08273106	-19	2	2	2	2	2	2	2	6	NA	4	NA	2	5	4	2	2	5	2	5	NA	NA	NA	NA	NA	NA	NA	NA	NA	NA	NA	NA	6	2	4	1	2	NA	NA	NA	5	6	2	NA	6	2	5	1	2	6	5	3	3	6	1	5	NA	NA	NA	NA	NA	NA	NA	NA	NA	NA	NA	NA
sub-74	4	BEG	76.08409987	1	16	0.373386704	1	10	13	4	12	28	125	126	18	113	24	13	131	125	34	21	126	116	58.90275953	76.08273106	NA	NA	NA	NA	NA	NA	NA	NA	6	NA	4	NA	2	5	4	2	2	5	2	5	NA	NA	NA	NA	NA	NA	NA	NA	NA	NA	NA	NA	6	2	4	1	2	NA	NA	NA	5	6	2	NA	6	2	5	1	2	6	5	3	3	6	1	5	NA	NA	NA	NA	NA	NA	NA	NA	NA	NA	NA	NA
sub-74	5	REA	107.4244415	1	16	0.373386704	1	10	13	4	12	28	125	126	18	113	24	13	131	125	34	21	126	116	58.90275953	76.08273106	-63	2	2	2	2	2	2	2	6	NA	4	NA	2	5	4	2	2	5	2	5	NA	NA	NA	NA	NA	NA	NA	NA	NA	NA	NA	NA	6	2	4	1	2	NA	NA	NA	5	6	2	NA	6	2	5	1	2	6	5	3	3	6	1	5	NA	NA	NA	NA	NA	NA	NA	NA	NA	NA	NA	NA
sub-75	1	INF	5.519053876	0	20	-0.018759333	1	NA	NA	NA	12	18	NA	107	15	104	NA	NA	NA	NA	NA	NA	NA	NA	58.57424442	NA	-23	2	0	2	2	2	1.5	2	1	NA	2	NA	4	5	5	5	2	5	2	5	NA	NA	NA	NA	NA	NA	NA	NA	NA	NA	NA	NA	3	1	3	1	2	5	5	5	2	5	1	1	NA	NA	NA	NA	NA	NA	NA	NA	NA	NA	NA	NA	NA	NA	NA	NA	NA	NA	NA	NA	NA	NA	NA	NA
sub-75	3	PRE	58.50854139	0	20	-0.018759333	1	NA	NA	NA	12	18	NA	107	15	104	NA	NA	NA	NA	NA	NA	NA	NA	58.57424442	NA	-77	2	2	2	2	2	2	2	1	NA	2	NA	4	5	5	5	2	5	2	5	NA	NA	NA	NA	NA	NA	NA	NA	NA	NA	NA	NA	3	1	3	1	2	5	5	5	2	5	1	1	NA	NA	NA	NA	NA	NA	NA	NA	NA	NA	NA	NA	NA	NA	NA	NA	NA	NA	NA	NA	NA	NA	NA	NA
sub-76	1	INF	18.56247262	0	20	0.382822859	1	9	2	5	18	26	114	137	18	115	NA	NA	NA	NA	30	12	114	92	56.80026281	NA	-10	2	2	2	2	2	2	2	4	NA	3	NA	2	5	3	3	5	NA	5	5	NA	NA	NA	NA	NA	NA	NA	NA	NA	NA	NA	NA	6	2	4	1	1	4	4	4	5	5	2	5	NA	NA	NA	NA	NA	NA	NA	NA	NA	NA	NA	NA	NA	NA	NA	NA	NA	NA	NA	NA	NA	NA	NA	NA
sub-76	3	PRE	58.8370565	0	20	0.382822859	1	9	2	5	18	26	114	137	18	115	NA	NA	NA	NA	30	12	114	92	56.80026281	NA	-39	2	2	2	2	2	2	2	4	NA	3	NA	2	5	3	3	5	NA	5	5	NA	NA	NA	NA	NA	NA	NA	NA	NA	NA	NA	NA	6	2	4	1	1	4	4	4	5	5	2	5	NA	NA	NA	NA	NA	NA	NA	NA	NA	NA	NA	NA	NA	NA	NA	NA	NA	NA	NA	NA	NA	NA	NA	NA
sub-76	5	REA	111.8593955	0	20	0.382822859	1	9	2	5	18	26	114	137	18	115	NA	NA	NA	NA	30	12	114	92	56.80026281	NA	NA	NA	NA	NA	NA	NA	NA	NA	4	NA	3	NA	2	5	3	3	5	NA	5	5	NA	NA	NA	NA	NA	NA	NA	NA	NA	NA	NA	NA	6	2	4	1	1	4	4	4	5	5	2	5	NA	NA	NA	NA	NA	NA	NA	NA	NA	NA	NA	NA	NA	NA	NA	NA	NA	NA	NA	NA	NA	NA	NA	NA
sub-77	1	INF	7.720105125	1	16	0.595884338	1	3	0	1	13	21	92	119	11	94	NA	NA	NA	NA	27	22	101	117	55.32194481	NA	NA	NA	NA	NA	NA	NA	NA	NA	6	NA	3	NA	2	6	5	2	5	5	NA	NA	NA	NA	NA	NA	NA	NA	NA	NA	NA	NA	NA	NA	5	1	6	1	1	5	6	4	4	6	2	5	NA	NA	NA	NA	NA	NA	NA	NA	NA	NA	NA	NA	NA	NA	NA	NA	NA	NA	NA	NA	NA	NA	NA	NA
sub-77	3	PRE	56.4717477	1	16	0.595884338	1	3	0	1	13	21	92	119	11	94	NA	NA	NA	NA	27	22	101	117	55.32194481	NA	-51	2	2	2	1	2	2	2	6	NA	3	NA	2	6	5	2	5	5	NA	NA	NA	NA	NA	NA	NA	NA	NA	NA	NA	NA	NA	NA	5	1	6	1	1	5	6	4	4	6	2	5	NA	NA	NA	NA	NA	NA	NA	NA	NA	NA	NA	NA	NA	NA	NA	NA	NA	NA	NA	NA	NA	NA	NA	NA
sub-77	5	REA	110.4796321	1	16	0.595884338	1	3	0	1	13	21	92	119	11	94	NA	NA	NA	NA	27	22	101	117	55.32194481	NA	NA	2	2	2	2	2	2	2	6	NA	3	NA	2	6	5	2	5	5	NA	NA	NA	NA	NA	NA	NA	NA	NA	NA	NA	NA	NA	NA	5	1	6	1	1	5	6	4	4	6	2	5	NA	NA	NA	NA	NA	NA	NA	NA	NA	NA	NA	NA	NA	NA	NA	NA	NA	NA	NA	NA	NA	NA	NA	NA
sub-78	1	INF	8.70565046	0	17	-0.300403037	1	NA	NA	NA	11	24	NA	122	14	105	29	18	125	119	35	21	129	116	54.53350854	91.59001314	-19	1.666666667	1	2	2	2	2	2	4	NA	3	NA	2	NA	3	2	5	3	NA	5	NA	NA	NA	NA	NA	NA	NA	NA	NA	NA	NA	NA	4	1	5	1	3	4	4	2	2	3	2	4	NA	NA	NA	NA	NA	NA	NA	NA	NA	NA	NA	NA	NA	NA	NA	NA	NA	NA	NA	NA	NA	NA	NA	NA
sub-78	3	PRE	55.65045992	0	17	-0.300403037	1	NA	NA	NA	11	24	NA	122	14	105	29	18	125	119	35	21	129	116	54.53350854	91.59001314	-73	2	1	2	2	2	2	2	4	NA	3	NA	2	NA	3	2	5	3	NA	5	NA	NA	NA	NA	NA	NA	NA	NA	NA	NA	NA	NA	4	1	5	1	3	4	4	2	2	3	2	4	NA	NA	NA	NA	NA	NA	NA	NA	NA	NA	NA	NA	NA	NA	NA	NA	NA	NA	NA	NA	NA	NA	NA	NA
sub-78	4	BEG	77.52956636	0	17	-0.300403037	1	NA	NA	NA	11	24	NA	122	14	105	29	18	125	119	35	21	129	116	54.53350854	91.59001314	-36	2	2	2	2	2	2	2	4	NA	3	NA	2	NA	3	2	5	3	NA	5	NA	NA	NA	NA	NA	NA	NA	NA	NA	NA	NA	NA	4	1	5	1	3	4	4	2	2	3	2	4	NA	NA	NA	NA	NA	NA	NA	NA	NA	NA	NA	NA	NA	NA	NA	NA	NA	NA	NA	NA	NA	NA	NA	NA
sub-78	5	REA	97.66754271	0	17	-0.300403037	1	NA	NA	NA	11	24	NA	122	14	105	29	18	125	119	35	21	129	116	54.53350854	91.59001314	-38	2	2	2	2	2	2	2	4	NA	3	NA	2	NA	3	2	5	3	NA	5	NA	NA	NA	NA	NA	NA	NA	NA	NA	NA	NA	NA	4	1	5	1	3	4	4	2	2	3	2	4	NA	NA	NA	NA	NA	NA	NA	NA	NA	NA	NA	NA	NA	NA	NA	NA	NA	NA	NA	NA	NA	NA	NA	NA
sub-79	1	INF	11.13666229	0	18	-0.28341728	1	4	1	2	14	28	100	134	17	112	3	2	80	91	15	10	76	90	56.30749014	80.15905607	-32	2	0	1	2	2	1	2	2	NA	3	NA	2	NA	2	2	2	5	2	5	NA	NA	NA	NA	NA	NA	NA	NA	NA	NA	NA	NA	2	1	4	1	2	6	3	3	2	2	2	5	NA	NA	NA	NA	NA	NA	NA	NA	NA	NA	NA	NA	NA	NA	NA	NA	NA	NA	NA	NA	NA	NA	NA	NA
sub-79	3	PRE	58.18002628	0	18	-0.28341728	1	4	1	2	14	28	100	134	17	112	3	2	80	91	15	10	76	90	56.30749014	80.15905607	-87	2	2	2	2	2	2	2	2	NA	3	NA	2	NA	2	2	2	5	2	5	NA	NA	NA	NA	NA	NA	NA	NA	NA	NA	NA	NA	2	1	4	1	2	6	3	3	2	2	2	5	NA	NA	NA	NA	NA	NA	NA	NA	NA	NA	NA	NA	NA	NA	NA	NA	NA	NA	NA	NA	NA	NA	NA	NA
sub-79	4	BEG	88.14060447	0	18	-0.28341728	1	4	1	2	14	28	100	134	17	112	3	2	80	91	15	10	76	90	56.30749014	80.15905607	-33	2	2	2	2	2	2	2	2	NA	3	NA	2	NA	2	2	2	5	2	5	NA	NA	NA	NA	NA	NA	NA	NA	NA	NA	NA	NA	2	1	4	1	2	6	3	3	2	2	2	5	NA	NA	NA	NA	NA	NA	NA	NA	NA	NA	NA	NA	NA	NA	NA	NA	NA	NA	NA	NA	NA	NA	NA	NA
sub-79	5	REA	102.4638633	0	18	-0.28341728	1	4	1	2	14	28	100	134	17	112	3	2	80	91	15	10	76	90	56.30749014	80.15905607	-45	2	NA	NA	NA	NA	NA	NA	2	NA	3	NA	2	NA	2	2	2	5	2	5	NA	NA	NA	NA	NA	NA	NA	NA	NA	NA	NA	NA	2	1	4	1	2	6	3	3	2	2	2	5	NA	NA	NA	NA	NA	NA	NA	NA	NA	NA	NA	NA	NA	NA	NA	NA	NA	NA	NA	NA	NA	NA	NA	NA
sub-80	1	INF	12.84494087	0	19	-0.077850852	1	6	2	1	15	21	100	119	14	101	2	0	77	79	22	8	84	77	58.54276172	80.68468025	-22	2	2	2	2	2	2	2	3	NA	2	NA	3	4	3	2	5	5	2	3	NA	NA	NA	NA	NA	NA	NA	NA	NA	NA	NA	NA	3	2	3	1	1	4	4	3	5	5	2	4	NA	NA	NA	NA	NA	NA	NA	NA	NA	NA	NA	NA	NA	NA	NA	NA	NA	NA	NA	NA	NA	NA	NA	NA
sub-80	3	PRE	58.50991021	0	19	-0.077850852	1	6	2	1	15	21	100	119	14	101	2	0	77	79	22	8	84	77	58.54276172	80.68468025	-65	0	NA	NA	NA	NA	NA	NA	3	NA	2	NA	3	4	3	2	5	5	2	3	NA	NA	NA	NA	NA	NA	NA	NA	NA	NA	NA	NA	3	2	3	1	1	4	4	3	5	5	2	4	NA	NA	NA	NA	NA	NA	NA	NA	NA	NA	NA	NA	NA	NA	NA	NA	NA	NA	NA	NA	NA	NA	NA	NA
sub-80	4	BEG	95.36930574	0	19	-0.077850852	1	6	2	1	15	21	100	119	14	101	2	0	77	79	22	8	84	77	58.54276172	80.68468025	-99	1.5	1	2	2	2	2	2	3	NA	2	NA	3	4	3	2	5	5	2	3	NA	NA	NA	NA	NA	NA	NA	NA	NA	NA	NA	NA	3	2	3	1	1	4	4	3	5	5	2	4	NA	NA	NA	NA	NA	NA	NA	NA	NA	NA	NA	NA	NA	NA	NA	NA	NA	NA	NA	NA	NA	NA	NA	NA